USE farmape_inventario;


INSERT INTO `categorias` (`id_categoria`, `nombre`, `descripcion`, `activo`) VALUES
(1, 'Analgesicos y Antiinflamatorios', 'Medicamentos para dolor, fiebre e inflamacion.', 1),
(2, 'Antibioticos', 'Medicamentos antimicrobianos bajo indicacion medica.', 1),
(3, 'Antigripales y Respiratorios', 'Productos para sintomas respiratorios comunes.', 1),
(4, 'Gastrointestinales', 'Productos para molestias digestivas.', 1),
(5, 'Vitaminas y Suplementos', 'Vitaminas y complementos de venta regular.', 1),
(6, 'Dermatologicos', 'Cremas, geles y tratamientos para piel.', 1),
(7, 'Cuidado Personal', 'Productos de higiene y cuidado personal.', 1),
(8, 'Insumos Magistrales', 'Insumos para preparacion de formulas magistrales.', 1),
(9, 'Material Medico', 'Materiales descartables y de apoyo medico.', 1),
(10, 'Control y Monitoreo', 'Productos para control de salud.', 1);

INSERT INTO `productos` (`id_producto`, `id_categoria`, `sku`, `nombre`, `descripcion`, `laboratorio`, `precio_compra`, `precio_venta`, `stock_actual`, `stock_minimo`, `fecha_vencimiento`, `requiere_receta`, `estado`, `fecha_creacion`) VALUES
(1, 1, NULL, 'Paracetamol 500mg', 'Tabletas para dolor y fiebre', 'Medifarma', 0.35, 1.00, 56, 30, '2026-10-23', 0, 'Activo', '2026-06-22 06:46:49'),
(2, 1, NULL, 'Ibuprofeno 400mg', 'Antiinflamatorio no esteroideo', 'Laboratorios Salud Peru', 0.70, 1.80, 118, 25, '2028-02-26', 0, 'Activo', '2026-06-22 06:46:49'),
(3, 1, NULL, 'Naproxeno 550mg', 'Antiinflamatorio analgesico', 'Laboratorios Salud Peru', 1.20, 3.00, 247, 21, '2028-11-11', 0, 'Activo', '2026-06-22 06:46:49'),
(4, 1, NULL, 'Diclofenaco gel 1%', 'Gel topico para dolor muscular', 'Biofarma', 7.50, 13.90, 211, 12, '2027-11-27', 0, 'Activo', '2026-06-22 06:46:49'),
(5, 2, NULL, 'Amoxicilina 500mg', 'Antibiotico capsulas', 'Biofarma', 1.10, 2.80, 149, 21, '2028-05-20', 0, 'Activo', '2026-06-22 06:46:49'),
(6, 2, NULL, 'Azitromicina 500mg', 'Antibiotico tabletas', 'Bayer', 3.80, 8.50, 101, 22, '2027-04-27', 0, 'Activo', '2026-06-22 06:46:49'),
(7, 2, NULL, 'Cefalexina 500mg', 'Antibiotico capsulas', 'San Rafael', 1.20, 2.70, 37, 23, '2028-11-13', 0, 'Activo', '2026-06-22 06:46:49'),
(8, 3, NULL, 'Loratadina 10mg', 'Antihistaminico', 'Portugal', 0.45, 1.20, 117, 16, '2026-06-26', 0, 'Activo', '2026-06-22 06:46:49'),
(9, 3, NULL, 'Cetirizina 10mg', 'Antihistaminico', 'Medifarma', 0.50, 1.30, 51, 15, '2027-09-01', 0, 'Activo', '2026-06-22 06:46:49'),
(10, 3, NULL, 'Ambroxol jarabe', 'Mucolitico jarabe', 'Biofarma', 6.50, 11.90, 144, 33, '2026-12-16', 0, 'Activo', '2026-06-22 06:46:49'),
(11, 3, NULL, 'Dextrometorfano jarabe', 'Antitusivo jarabe', 'Portugal', 5.80, 10.90, 199, 26, '2027-12-08', 0, 'Activo', '2026-06-22 06:46:49'),
(12, 4, NULL, 'Omeprazol 20mg', 'Protector gastrico', 'San Rafael', 0.45, 1.20, 120, 30, '2027-07-24', 0, 'Activo', '2026-06-22 06:46:49'),
(13, 4, NULL, 'Lansoprazol 30mg', 'Tratamiento gastrico', 'Medifarma', 0.80, 2.00, 110, 11, '2026-02-24', 0, 'Activo', '2026-06-22 06:46:49'),
(14, 4, NULL, 'Sales de rehidratacion oral', 'Rehidratacion oral', 'Medifarma', 1.20, 2.50, 219, 23, '2028-03-07', 0, 'Activo', '2026-06-22 06:46:49'),
(15, 4, NULL, 'Simeticona gotas', 'Antiflatulento', 'Bayer', 5.50, 10.50, 243, 14, '2028-10-10', 0, 'Activo', '2026-06-22 06:46:49'),
(16, 5, NULL, 'Vitamina C 1g', 'Suplemento vitaminico', 'Genfar', 0.70, 1.50, 100, 9, '2027-01-23', 0, 'Activo', '2026-06-22 06:46:49'),
(17, 5, NULL, 'Complejo B', 'Vitaminas del complejo B', 'Biofarma', 5.80, 10.90, 56, 35, '2028-03-21', 0, 'Activo', '2026-06-22 06:46:49'),
(18, 5, NULL, 'Multivitaminico adulto', 'Suplemento multivitaminico', 'Genfar', 8.50, 15.90, 43, 16, '2027-08-11', 0, 'Activo', '2026-06-22 06:46:49'),
(19, 5, NULL, 'Colageno hidrolizado', 'Suplemento nutricional', 'Bayer', 28.00, 48.90, 177, 28, '2026-07-16', 0, 'Activo', '2026-06-22 06:46:49'),
(20, 6, NULL, 'Clotrimazol crema', 'Antimicotico topico', 'Medifarma', 7.00, 12.90, 60, 25, '2028-05-03', 0, 'Activo', '2026-06-22 06:46:49'),
(21, 6, NULL, 'Betametasona crema', 'Corticoide topico', 'Vida Nueva', 8.00, 14.90, 145, 22, '2028-04-25', 0, 'Activo', '2026-06-22 06:46:49'),
(22, 6, NULL, 'Protector solar FPS 50', 'Proteccion solar', 'Laboratorios Salud Peru', 26.00, 44.90, 186, 31, '2027-05-19', 0, 'Activo', '2026-06-22 06:46:49'),
(23, 7, NULL, 'Jabon antiseptico', 'Higiene personal', 'Bayer', 3.50, 6.50, 70, 15, '2028-04-09', 0, 'Activo', '2026-06-22 06:46:49'),
(24, 7, NULL, 'Alcohol gel 70%', 'Desinfeccion de manos', 'Biofarma', 4.50, 8.90, 104, 9, '2026-07-15', 0, 'Activo', '2026-06-22 06:46:49'),
(25, 7, NULL, 'Pasta dental fluor', 'Cuidado bucal', 'Medifarma', 4.20, 7.90, 97, 33, '2028-08-03', 0, 'Activo', '2026-06-22 06:46:49'),
(26, 7, NULL, 'Shampoo anticaspa', 'Cuidado capilar', 'Medifarma', 10.00, 18.90, 195, 12, '2026-07-04', 0, 'Activo', '2026-06-22 06:46:49'),
(27, 8, NULL, 'Glicerina USP', 'Insumo para formula magistral', 'Portugal', 8.50, 15.90, 182, 31, '2026-01-06', 0, 'Activo', '2026-06-22 06:46:49'),
(28, 8, NULL, 'Vaselina solida', 'Base para preparados magistrales', 'Portugal', 6.50, 12.90, 209, 20, '2027-02-15', 0, 'Activo', '2026-06-22 06:46:49'),
(29, 8, NULL, 'Lanolina anhidra', 'Insumo magistral', 'Laboratorios Salud Peru', 18.00, 32.90, 140, 31, '2027-08-03', 0, 'Activo', '2026-06-22 06:46:49'),
(30, 8, NULL, 'Oxido de zinc', 'Insumo dermatologico', 'Laboratorios Salud Peru', 7.50, 13.90, 225, 29, '2026-04-22', 0, 'Activo', '2026-06-22 06:46:49'),
(31, 8, NULL, 'Talco farmaceutico', 'Insumo magistral', 'Biofarma', 4.50, 8.90, 101, 13, '2026-08-17', 0, 'Activo', '2026-06-22 06:46:49'),
(32, 9, NULL, 'Jeringa 5ml', 'Material medico descartable', 'San Rafael', 0.35, 1.00, 134, 18, '2027-02-16', 0, 'Activo', '2026-06-22 06:46:49'),
(33, 9, NULL, 'Guantes latex caja', 'Material de proteccion', 'Biofarma', 14.00, 24.90, 103, 29, '2026-06-14', 0, 'Activo', '2026-06-22 06:46:49'),
(34, 9, NULL, 'Mascarilla quirurgica', 'Material de proteccion', 'Bayer', 0.25, 0.80, 110, 16, '2028-01-15', 0, 'Activo', '2026-06-22 06:46:49'),
(35, 9, NULL, 'Gasas esteriles', 'Curacion y primeros auxilios', 'Laboratorios Salud Peru', 3.00, 5.90, 198, 35, '2027-09-27', 0, 'Activo', '2026-06-22 06:46:49'),
(36, 10, NULL, 'Termometro digital', 'Control de temperatura', 'Biofarma', 10.00, 19.90, 190, 22, '2026-09-12', 0, 'Activo', '2026-06-22 06:46:49'),
(37, 10, NULL, 'Tensiometro digital', 'Control de presion arterial', 'Biofarma', 65.00, 119.90, 208, 23, '2028-03-10', 0, 'Activo', '2026-06-22 06:46:49'),
(38, 10, NULL, 'Glucometro', 'Control de glucosa', 'Genfar', 45.00, 89.90, 109, 25, '2028-04-23', 0, 'Activo', '2026-06-22 06:46:49'),
(39, 10, NULL, 'Tiras reactivas glucosa', 'Insumo para glucometro', 'Bayer', 35.00, 59.90, 195, 34, '2026-02-15', 0, 'Activo', '2026-06-22 06:46:49'),
(40, 1, NULL, 'Paracetamol 500mg x1', 'Tabletas para dolor y fiebre', 'Portugal', 0.35, 1.00, 136, 34, '2027-09-23', 0, 'Activo', '2026-06-22 06:46:49'),
(41, 1, NULL, 'Ibuprofeno 400mg x2', 'Antiinflamatorio no esteroideo', 'Vida Nueva', 0.70, 1.80, 78, 27, '2027-09-05', 0, 'Activo', '2026-06-22 06:46:49'),
(42, 1, NULL, 'Naproxeno 550mg x3', 'Antiinflamatorio analgesico', 'Vida Nueva', 1.20, 3.00, 117, 33, '2026-05-25', 0, 'Activo', '2026-06-22 06:46:49'),
(43, 1, NULL, 'Diclofenaco gel 1% x4', 'Gel topico para dolor muscular', 'Biofarma', 7.50, 13.90, 68, 22, '2027-12-10', 0, 'Activo', '2026-06-22 06:46:49'),
(44, 2, NULL, 'Amoxicilina 500mg x5', 'Antibiotico capsulas', 'Biofarma', 1.10, 2.80, 112, 35, '2028-09-13', 0, 'Activo', '2026-06-22 06:46:49'),
(45, 2, NULL, 'Azitromicina 500mg x1', 'Antibiotico tabletas', 'Vida Nueva', 3.80, 8.50, 41, 18, '2028-07-08', 0, 'Activo', '2026-06-22 06:46:49'),
(46, 2, NULL, 'Cefalexina 500mg x2', 'Antibiotico capsulas', 'Genfar', 1.20, 2.70, 156, 9, '2027-07-22', 0, 'Activo', '2026-06-22 06:46:49'),
(47, 3, NULL, 'Loratadina 10mg x3', 'Antihistaminico', 'Biofarma', 0.45, 1.20, 55, 24, '2027-02-28', 0, 'Activo', '2026-06-22 06:46:49'),
(48, 3, NULL, 'Cetirizina 10mg x4', 'Antihistaminico', 'Genfar', 0.50, 1.30, 49, 23, '2026-07-28', 0, 'Activo', '2026-06-22 06:46:49'),
(49, 3, NULL, 'Ambroxol jarabe x5', 'Mucolitico jarabe', 'Bayer', 6.50, 11.90, 248, 18, '2028-12-13', 0, 'Activo', '2026-06-22 06:46:49'),
(50, 3, NULL, 'Dextrometorfano jarabe x1', 'Antitusivo jarabe', 'Biofarma', 5.80, 10.90, 168, 9, '2027-06-21', 0, 'Activo', '2026-06-22 06:46:49'),
(51, 4, NULL, 'Omeprazol 20mg x2', 'Protector gastrico', 'Bayer', 0.45, 1.20, 141, 11, '2028-05-08', 0, 'Activo', '2026-06-22 06:46:49'),
(52, 4, NULL, 'Lansoprazol 30mg x3', 'Tratamiento gastrico', 'Portugal', 0.80, 2.00, 37, 9, '2026-08-06', 0, 'Activo', '2026-06-22 06:46:49'),
(53, 4, NULL, 'Sales de rehidratacion oral x4', 'Rehidratacion oral', 'Genfar', 1.20, 2.50, 92, 24, '2027-06-14', 0, 'Activo', '2026-06-22 06:46:49'),
(54, 4, NULL, 'Simeticona gotas x5', 'Antiflatulento', 'Bayer', 5.50, 10.50, 186, 35, '2026-03-06', 0, 'Activo', '2026-06-22 06:46:49'),
(55, 5, NULL, 'Vitamina C 1g x1', 'Suplemento vitaminico', 'Medifarma', 0.70, 1.50, 148, 28, '2027-10-05', 0, 'Activo', '2026-06-22 06:46:49'),
(56, 5, NULL, 'Complejo B x2', 'Vitaminas del complejo B', 'Genfar', 5.80, 10.90, 48, 22, '2026-08-10', 0, 'Activo', '2026-06-22 06:46:49'),
(57, 5, NULL, 'Multivitaminico adulto x3', 'Suplemento multivitaminico', 'Portugal', 8.50, 15.90, 146, 35, '2027-11-14', 0, 'Activo', '2026-06-22 06:46:49'),
(58, 5, NULL, 'Colageno hidrolizado x4', 'Suplemento nutricional', 'Vida Nueva', 28.00, 48.90, 176, 19, '2027-02-08', 0, 'Activo', '2026-06-22 06:46:49'),
(59, 6, NULL, 'Clotrimazol crema x5', 'Antimicotico topico', 'Vida Nueva', 7.00, 12.90, 100, 8, '2027-01-27', 0, 'Activo', '2026-06-22 06:46:49'),
(60, 6, NULL, 'Betametasona crema x1', 'Corticoide topico', 'Biofarma', 8.00, 14.90, 243, 17, '2028-01-20', 0, 'Activo', '2026-06-22 06:46:49'),
(61, 6, NULL, 'Protector solar FPS 50 x2', 'Proteccion solar', 'Medifarma', 26.00, 44.90, 188, 16, '2027-04-21', 0, 'Activo', '2026-06-22 06:46:49'),
(62, 7, NULL, 'Jabon antiseptico x3', 'Higiene personal', 'Genfar', 3.50, 6.50, 190, 11, '2028-11-27', 0, 'Activo', '2026-06-22 06:46:49'),
(63, 7, NULL, 'Alcohol gel 70% x4', 'Desinfeccion de manos', 'San Rafael', 4.50, 8.90, 217, 12, '2027-08-02', 0, 'Activo', '2026-06-22 06:46:49'),
(64, 7, NULL, 'Pasta dental fluor x5', 'Cuidado bucal', 'Medifarma', 4.20, 7.90, 63, 33, '2028-07-06', 0, 'Activo', '2026-06-22 06:46:49'),
(65, 7, NULL, 'Shampoo anticaspa x1', 'Cuidado capilar', 'Genfar', 10.00, 18.90, 95, 34, '2028-09-09', 0, 'Activo', '2026-06-22 06:46:49'),
(66, 8, NULL, 'Glicerina USP x2', 'Insumo para formula magistral', 'San Rafael', 8.50, 15.90, 235, 11, '2027-12-28', 0, 'Activo', '2026-06-22 06:46:49'),
(67, 8, NULL, 'Vaselina solida x3', 'Base para preparados magistrales', 'Vida Nueva', 6.50, 12.90, 246, 33, '2026-11-24', 0, 'Activo', '2026-06-22 06:46:49'),
(68, 8, NULL, 'Lanolina anhidra x4', 'Insumo magistral', 'Bayer', 18.00, 32.90, 146, 19, '2027-01-09', 0, 'Activo', '2026-06-22 06:46:49'),
(69, 8, NULL, 'Oxido de zinc x5', 'Insumo dermatologico', 'San Rafael', 7.50, 13.90, 57, 29, '2028-07-27', 0, 'Activo', '2026-06-22 06:46:49'),
(70, 8, NULL, 'Talco farmaceutico x1', 'Insumo magistral', 'Medifarma', 4.50, 8.90, 195, 10, '2028-06-20', 0, 'Activo', '2026-06-22 06:46:49'),
(71, 9, NULL, 'Jeringa 5ml x2', 'Material medico descartable', 'Vida Nueva', 0.35, 1.00, 59, 12, '2028-05-21', 0, 'Activo', '2026-06-22 06:46:49'),
(72, 9, NULL, 'Guantes latex caja x3', 'Material de proteccion', 'Medifarma', 14.00, 24.90, 167, 12, '2027-02-04', 0, 'Activo', '2026-06-22 06:46:49'),
(73, 9, NULL, 'Mascarilla quirurgica x4', 'Material de proteccion', 'Vida Nueva', 0.25, 0.80, 180, 31, '2028-12-18', 0, 'Activo', '2026-06-22 06:46:49'),
(74, 9, NULL, 'Gasas esteriles x5', 'Curacion y primeros auxilios', 'Biofarma', 3.00, 5.90, 187, 21, '2028-02-27', 0, 'Activo', '2026-06-22 06:46:49'),
(75, 10, NULL, 'Termometro digital x1', 'Control de temperatura', 'Biofarma', 10.00, 19.90, 143, 15, '2028-06-07', 0, 'Activo', '2026-06-22 06:46:49'),
(76, 10, NULL, 'Tensiometro digital x2', 'Control de presion arterial', 'San Rafael', 65.00, 119.90, 45, 20, '2028-06-18', 0, 'Activo', '2026-06-22 06:46:49'),
(77, 10, NULL, 'Glucometro x3', 'Control de glucosa', 'Medifarma', 45.00, 89.90, 194, 28, '2027-02-22', 0, 'Activo', '2026-06-22 06:46:49'),
(78, 10, NULL, 'Tiras reactivas glucosa x4', 'Insumo para glucometro', 'Medifarma', 35.00, 59.90, 47, 34, '2027-04-05', 0, 'Activo', '2026-06-22 06:46:49'),
(79, 1, NULL, 'Paracetamol 500mg x5', 'Tabletas para dolor y fiebre', 'Genfar', 0.35, 1.00, 231, 27, '2026-04-11', 0, 'Activo', '2026-06-22 06:46:49'),
(80, 1, NULL, 'Ibuprofeno 400mg x1', 'Antiinflamatorio no esteroideo', 'Portugal', 0.70, 1.80, 234, 13, '2026-03-18', 0, 'Activo', '2026-06-22 06:46:49'),
(81, 1, NULL, 'Naproxeno 550mg x2', 'Antiinflamatorio analgesico', 'Medifarma', 1.20, 3.00, 180, 18, '2026-01-12', 0, 'Activo', '2026-06-22 06:46:49'),
(82, 1, NULL, 'Diclofenaco gel 1% x3', 'Gel topico para dolor muscular', 'Bayer', 7.50, 13.90, 220, 10, '2026-12-14', 0, 'Activo', '2026-06-22 06:46:49'),
(83, 2, NULL, 'Amoxicilina 500mg x4', 'Antibiotico capsulas', 'Biofarma', 1.10, 2.80, 158, 15, '2028-10-04', 0, 'Activo', '2026-06-22 06:46:49'),
(84, 2, NULL, 'Azitromicina 500mg x5', 'Antibiotico tabletas', 'Biofarma', 3.80, 8.50, 194, 8, '2028-09-10', 0, 'Activo', '2026-06-22 06:46:49'),
(85, 2, NULL, 'Cefalexina 500mg x1', 'Antibiotico capsulas', 'Bayer', 1.20, 2.70, 155, 30, '2027-07-22', 0, 'Activo', '2026-06-22 06:46:49'),
(86, 3, NULL, 'Loratadina 10mg x2', 'Antihistaminico', 'Genfar', 0.45, 1.20, 46, 12, '2026-06-20', 0, 'Activo', '2026-06-22 06:46:49'),
(87, 3, NULL, 'Cetirizina 10mg x3', 'Antihistaminico', 'Vida Nueva', 0.50, 1.30, 182, 24, '2028-12-11', 0, 'Activo', '2026-06-22 06:46:49'),
(88, 3, NULL, 'Ambroxol jarabe x4', 'Mucolitico jarabe', 'Bayer', 6.50, 11.90, 248, 28, '2027-02-26', 0, 'Activo', '2026-06-22 06:46:49'),
(89, 3, NULL, 'Dextrometorfano jarabe x5', 'Antitusivo jarabe', 'Biofarma', 5.80, 10.90, 88, 21, '2028-04-14', 0, 'Activo', '2026-06-22 06:46:49'),
(90, 4, NULL, 'Omeprazol 20mg x1', 'Protector gastrico', 'San Rafael', 0.45, 1.20, 139, 18, '2027-12-04', 0, 'Activo', '2026-06-22 06:46:49'),
(91, 4, NULL, 'Lansoprazol 30mg x2', 'Tratamiento gastrico', 'Bayer', 0.80, 2.00, 53, 34, '2026-11-16', 0, 'Activo', '2026-06-22 06:46:49'),
(92, 4, NULL, 'Sales de rehidratacion oral x3', 'Rehidratacion oral', 'Genfar', 1.20, 2.50, 172, 9, '2028-12-12', 0, 'Activo', '2026-06-22 06:46:49'),
(93, 4, NULL, 'Simeticona gotas x4', 'Antiflatulento', 'Vida Nueva', 5.50, 10.50, 120, 35, '2027-11-04', 0, 'Activo', '2026-06-22 06:46:49'),
(94, 5, NULL, 'Vitamina C 1g x5', 'Suplemento vitaminico', 'Portugal', 0.70, 1.50, 120, 11, '2028-01-10', 0, 'Activo', '2026-06-22 06:46:49'),
(95, 5, NULL, 'Complejo B x1', 'Vitaminas del complejo B', 'Bayer', 5.80, 10.90, 119, 35, '2028-08-08', 0, 'Activo', '2026-06-22 06:46:49'),
(96, 5, NULL, 'Multivitaminico adulto x2', 'Suplemento multivitaminico', 'Vida Nueva', 8.50, 15.90, 246, 25, '2027-10-08', 0, 'Activo', '2026-06-22 06:46:49'),
(97, 5, NULL, 'Colageno hidrolizado x3', 'Suplemento nutricional', 'Laboratorios Salud Peru', 28.00, 48.90, 185, 29, '2028-11-21', 0, 'Activo', '2026-06-22 06:46:49'),
(98, 6, NULL, 'Clotrimazol crema x4', 'Antimicotico topico', 'Portugal', 7.00, 12.90, 116, 19, '2026-05-23', 0, 'Activo', '2026-06-22 06:46:49'),
(99, 6, NULL, 'Betametasona crema x5', 'Corticoide topico', 'Bayer', 8.00, 14.90, 66, 31, '2028-11-13', 0, 'Activo', '2026-06-22 06:46:49'),
(100, 6, NULL, 'Protector solar FPS 50 x1', 'Proteccion solar', 'Vida Nueva', 26.00, 44.90, 137, 22, '2028-09-07', 0, 'Activo', '2026-06-22 06:46:49'),
(101, 7, NULL, 'Jabon antiseptico x2', 'Higiene personal', 'Bayer', 3.50, 6.50, 43, 12, '2028-06-25', 0, 'Activo', '2026-06-22 06:46:49'),
(102, 7, NULL, 'Alcohol gel 70% x3', 'Desinfeccion de manos', 'Biofarma', 4.50, 8.90, 199, 21, '2028-02-09', 0, 'Activo', '2026-06-22 06:46:49'),
(103, 7, NULL, 'Pasta dental fluor x4', 'Cuidado bucal', 'Bayer', 4.20, 7.90, 118, 21, '2027-04-25', 0, 'Activo', '2026-06-22 06:46:49'),
(104, 7, NULL, 'Shampoo anticaspa x5', 'Cuidado capilar', 'Portugal', 10.00, 18.90, 41, 15, '2028-08-17', 0, 'Activo', '2026-06-22 06:46:49'),
(105, 8, NULL, 'Glicerina USP x1', 'Insumo para formula magistral', 'Medifarma', 8.50, 15.90, 226, 12, '2026-04-10', 0, 'Activo', '2026-06-22 06:46:49'),
(106, 8, NULL, 'Vaselina solida x2', 'Base para preparados magistrales', 'Vida Nueva', 6.50, 12.90, 74, 12, '2026-01-16', 0, 'Activo', '2026-06-22 06:46:49'),
(107, 8, NULL, 'Lanolina anhidra x3', 'Insumo magistral', 'San Rafael', 18.00, 32.90, 48, 20, '2028-09-27', 0, 'Activo', '2026-06-22 06:46:49'),
(108, 8, NULL, 'Oxido de zinc x4', 'Insumo dermatologico', 'San Rafael', 7.50, 13.90, 177, 21, '2026-08-03', 0, 'Activo', '2026-06-22 06:46:49'),
(109, 8, NULL, 'Talco farmaceutico x5', 'Insumo magistral', 'Vida Nueva', 4.50, 8.90, 35, 18, '2027-05-04', 0, 'Activo', '2026-06-22 06:46:49'),
(110, 9, NULL, 'Jeringa 5ml x1', 'Material medico descartable', 'Bayer', 0.35, 1.00, 141, 35, '2027-12-12', 0, 'Activo', '2026-06-22 06:46:49'),
(111, 9, NULL, 'Guantes latex caja x2', 'Material de proteccion', 'Vida Nueva', 14.00, 24.90, 109, 31, '2027-09-03', 0, 'Activo', '2026-06-22 06:46:49'),
(112, 9, NULL, 'Mascarilla quirurgica x3', 'Material de proteccion', 'Bayer', 0.25, 0.80, 165, 24, '2026-02-17', 0, 'Activo', '2026-06-22 06:46:49'),
(113, 9, NULL, 'Gasas esteriles x4', 'Curacion y primeros auxilios', 'Genfar', 3.00, 5.90, 90, 11, '2027-12-27', 0, 'Activo', '2026-06-22 06:46:49'),
(114, 10, NULL, 'Termometro digital x5', 'Control de temperatura', 'Bayer', 10.00, 19.90, 75, 32, '2028-03-25', 0, 'Activo', '2026-06-22 06:46:49'),
(115, 10, NULL, 'Tensiometro digital x1', 'Control de presion arterial', 'San Rafael', 65.00, 119.90, 190, 18, '2028-10-15', 0, 'Activo', '2026-06-22 06:46:49'),
(116, 10, NULL, 'Glucometro x2', 'Control de glucosa', 'Portugal', 45.00, 89.90, 181, 9, '2027-11-10', 0, 'Activo', '2026-06-22 06:46:49'),
(117, 10, NULL, 'Tiras reactivas glucosa x3', 'Insumo para glucometro', 'Laboratorios Salud Peru', 35.00, 59.90, 124, 34, '2027-08-02', 0, 'Activo', '2026-06-22 06:46:49'),
(118, 1, NULL, 'Paracetamol 500mg x4', 'Tabletas para dolor y fiebre', 'Vida Nueva', 0.35, 1.00, 148, 26, '2026-10-20', 0, 'Activo', '2026-06-22 06:46:49'),
(119, 1, NULL, 'Ibuprofeno 400mg x5', 'Antiinflamatorio no esteroideo', 'Medifarma', 0.70, 1.80, 112, 27, '2026-08-26', 0, 'Activo', '2026-06-22 06:46:49'),
(120, 1, NULL, 'Naproxeno 550mg x1', 'Antiinflamatorio analgesico', 'San Rafael', 1.20, 3.00, 212, 10, '2026-08-04', 0, 'Activo', '2026-06-22 06:46:49');

INSERT INTO `lotes_producto` (`id_lote`, `id_producto`, `numero_lote`, `fecha_vencimiento`, `costo_unitario`, `stock_disponible`, `estado`, `fecha_ingreso`) VALUES
(1, 1, 'LOTE-00001', '2026-10-23', 0.35, 56, 'Disponible', '2026-06-22 06:46:49'),
(2, 2, 'LOTE-00002', '2028-02-26', 0.70, 118, 'Disponible', '2026-06-22 06:46:49'),
(3, 3, 'LOTE-00003', '2028-11-11', 1.20, 247, 'Disponible', '2026-06-22 06:46:49'),
(4, 4, 'LOTE-00004', '2027-11-27', 7.50, 211, 'Disponible', '2026-06-22 06:46:49'),
(5, 5, 'LOTE-00005', '2028-05-20', 1.10, 149, 'Disponible', '2026-06-22 06:46:49'),
(6, 6, 'LOTE-00006', '2027-04-27', 3.80, 101, 'Disponible', '2026-06-22 06:46:49'),
(7, 7, 'LOTE-00007', '2028-11-13', 1.20, 37, 'Disponible', '2026-06-22 06:46:49'),
(8, 8, 'LOTE-00008', '2026-06-26', 0.45, 117, 'Disponible', '2026-06-22 06:46:49'),
(9, 9, 'LOTE-00009', '2027-09-01', 0.50, 51, 'Disponible', '2026-06-22 06:46:49'),
(10, 10, 'LOTE-00010', '2026-12-16', 6.50, 144, 'Disponible', '2026-06-22 06:46:49'),
(11, 11, 'LOTE-00011', '2027-12-08', 5.80, 199, 'Disponible', '2026-06-22 06:46:49'),
(12, 12, 'LOTE-00012', '2027-07-24', 0.45, 120, 'Disponible', '2026-06-22 06:46:49'),
(13, 13, 'LOTE-00013', '2026-02-24', 0.80, 110, 'Disponible', '2026-06-22 06:46:49'),
(14, 14, 'LOTE-00014', '2028-03-07', 1.20, 219, 'Disponible', '2026-06-22 06:46:49'),
(15, 15, 'LOTE-00015', '2028-10-10', 5.50, 243, 'Disponible', '2026-06-22 06:46:49'),
(16, 16, 'LOTE-00016', '2027-01-23', 0.70, 100, 'Disponible', '2026-06-22 06:46:49'),
(17, 17, 'LOTE-00017', '2028-03-21', 5.80, 56, 'Disponible', '2026-06-22 06:46:49'),
(18, 18, 'LOTE-00018', '2027-08-11', 8.50, 43, 'Disponible', '2026-06-22 06:46:49'),
(19, 19, 'LOTE-00019', '2026-07-16', 28.00, 177, 'Disponible', '2026-06-22 06:46:49'),
(20, 20, 'LOTE-00020', '2028-05-03', 7.00, 60, 'Disponible', '2026-06-22 06:46:49'),
(21, 21, 'LOTE-00021', '2028-04-25', 8.00, 145, 'Disponible', '2026-06-22 06:46:49'),
(22, 22, 'LOTE-00022', '2027-05-19', 26.00, 186, 'Disponible', '2026-06-22 06:46:49'),
(23, 23, 'LOTE-00023', '2028-04-09', 3.50, 70, 'Disponible', '2026-06-22 06:46:49'),
(24, 24, 'LOTE-00024', '2026-07-15', 4.50, 104, 'Disponible', '2026-06-22 06:46:49'),
(25, 25, 'LOTE-00025', '2028-08-03', 4.20, 97, 'Disponible', '2026-06-22 06:46:49'),
(26, 26, 'LOTE-00026', '2026-07-04', 10.00, 195, 'Disponible', '2026-06-22 06:46:49'),
(27, 27, 'LOTE-00027', '2026-01-06', 8.50, 182, 'Disponible', '2026-06-22 06:46:49'),
(28, 28, 'LOTE-00028', '2027-02-15', 6.50, 209, 'Disponible', '2026-06-22 06:46:49'),
(29, 29, 'LOTE-00029', '2027-08-03', 18.00, 140, 'Disponible', '2026-06-22 06:46:49'),
(30, 30, 'LOTE-00030', '2026-04-22', 7.50, 225, 'Disponible', '2026-06-22 06:46:49'),
(31, 31, 'LOTE-00031', '2026-08-17', 4.50, 101, 'Disponible', '2026-06-22 06:46:49'),
(32, 32, 'LOTE-00032', '2027-02-16', 0.35, 134, 'Disponible', '2026-06-22 06:46:49'),
(33, 33, 'LOTE-00033', '2026-06-14', 14.00, 103, 'Disponible', '2026-06-22 06:46:49'),
(34, 34, 'LOTE-00034', '2028-01-15', 0.25, 110, 'Disponible', '2026-06-22 06:46:49'),
(35, 35, 'LOTE-00035', '2027-09-27', 3.00, 198, 'Disponible', '2026-06-22 06:46:49'),
(36, 36, 'LOTE-00036', '2026-09-12', 10.00, 190, 'Disponible', '2026-06-22 06:46:49'),
(37, 37, 'LOTE-00037', '2028-03-10', 65.00, 208, 'Disponible', '2026-06-22 06:46:49'),
(38, 38, 'LOTE-00038', '2028-04-23', 45.00, 109, 'Disponible', '2026-06-22 06:46:49'),
(39, 39, 'LOTE-00039', '2026-02-15', 35.00, 195, 'Disponible', '2026-06-22 06:46:49'),
(40, 40, 'LOTE-00040', '2027-09-23', 0.35, 136, 'Disponible', '2026-06-22 06:46:49'),
(41, 41, 'LOTE-00041', '2027-09-05', 0.70, 78, 'Disponible', '2026-06-22 06:46:49'),
(42, 42, 'LOTE-00042', '2026-05-25', 1.20, 117, 'Disponible', '2026-06-22 06:46:49'),
(43, 43, 'LOTE-00043', '2027-12-10', 7.50, 68, 'Disponible', '2026-06-22 06:46:49'),
(44, 44, 'LOTE-00044', '2028-09-13', 1.10, 112, 'Disponible', '2026-06-22 06:46:49'),
(45, 45, 'LOTE-00045', '2028-07-08', 3.80, 41, 'Disponible', '2026-06-22 06:46:49'),
(46, 46, 'LOTE-00046', '2027-07-22', 1.20, 156, 'Disponible', '2026-06-22 06:46:49'),
(47, 47, 'LOTE-00047', '2027-02-28', 0.45, 55, 'Disponible', '2026-06-22 06:46:49'),
(48, 48, 'LOTE-00048', '2026-07-28', 0.50, 49, 'Disponible', '2026-06-22 06:46:49'),
(49, 49, 'LOTE-00049', '2028-12-13', 6.50, 248, 'Disponible', '2026-06-22 06:46:49'),
(50, 50, 'LOTE-00050', '2027-06-21', 5.80, 168, 'Disponible', '2026-06-22 06:46:49'),
(51, 51, 'LOTE-00051', '2028-05-08', 0.45, 141, 'Disponible', '2026-06-22 06:46:49'),
(52, 52, 'LOTE-00052', '2026-08-06', 0.80, 37, 'Disponible', '2026-06-22 06:46:49'),
(53, 53, 'LOTE-00053', '2027-06-14', 1.20, 92, 'Disponible', '2026-06-22 06:46:49'),
(54, 54, 'LOTE-00054', '2026-03-06', 5.50, 186, 'Disponible', '2026-06-22 06:46:49'),
(55, 55, 'LOTE-00055', '2027-10-05', 0.70, 148, 'Disponible', '2026-06-22 06:46:49'),
(56, 56, 'LOTE-00056', '2026-08-10', 5.80, 48, 'Disponible', '2026-06-22 06:46:49'),
(57, 57, 'LOTE-00057', '2027-11-14', 8.50, 146, 'Disponible', '2026-06-22 06:46:49'),
(58, 58, 'LOTE-00058', '2027-02-08', 28.00, 176, 'Disponible', '2026-06-22 06:46:49'),
(59, 59, 'LOTE-00059', '2027-01-27', 7.00, 100, 'Disponible', '2026-06-22 06:46:49'),
(60, 60, 'LOTE-00060', '2028-01-20', 8.00, 243, 'Disponible', '2026-06-22 06:46:49'),
(61, 61, 'LOTE-00061', '2027-04-21', 26.00, 188, 'Disponible', '2026-06-22 06:46:49'),
(62, 62, 'LOTE-00062', '2028-11-27', 3.50, 190, 'Disponible', '2026-06-22 06:46:49'),
(63, 63, 'LOTE-00063', '2027-08-02', 4.50, 217, 'Disponible', '2026-06-22 06:46:49'),
(64, 64, 'LOTE-00064', '2028-07-06', 4.20, 63, 'Disponible', '2026-06-22 06:46:49'),
(65, 65, 'LOTE-00065', '2028-09-09', 10.00, 95, 'Disponible', '2026-06-22 06:46:49'),
(66, 66, 'LOTE-00066', '2027-12-28', 8.50, 235, 'Disponible', '2026-06-22 06:46:49'),
(67, 67, 'LOTE-00067', '2026-11-24', 6.50, 246, 'Disponible', '2026-06-22 06:46:49'),
(68, 68, 'LOTE-00068', '2027-01-09', 18.00, 146, 'Disponible', '2026-06-22 06:46:49'),
(69, 69, 'LOTE-00069', '2028-07-27', 7.50, 57, 'Disponible', '2026-06-22 06:46:49'),
(70, 70, 'LOTE-00070', '2028-06-20', 4.50, 195, 'Disponible', '2026-06-22 06:46:49'),
(71, 71, 'LOTE-00071', '2028-05-21', 0.35, 59, 'Disponible', '2026-06-22 06:46:49'),
(72, 72, 'LOTE-00072', '2027-02-04', 14.00, 167, 'Disponible', '2026-06-22 06:46:49'),
(73, 73, 'LOTE-00073', '2028-12-18', 0.25, 180, 'Disponible', '2026-06-22 06:46:49'),
(74, 74, 'LOTE-00074', '2028-02-27', 3.00, 187, 'Disponible', '2026-06-22 06:46:49'),
(75, 75, 'LOTE-00075', '2028-06-07', 10.00, 143, 'Disponible', '2026-06-22 06:46:49'),
(76, 76, 'LOTE-00076', '2028-06-18', 65.00, 45, 'Disponible', '2026-06-22 06:46:49'),
(77, 77, 'LOTE-00077', '2027-02-22', 45.00, 194, 'Disponible', '2026-06-22 06:46:49'),
(78, 78, 'LOTE-00078', '2027-04-05', 35.00, 47, 'Disponible', '2026-06-22 06:46:49'),
(79, 79, 'LOTE-00079', '2026-04-11', 0.35, 231, 'Disponible', '2026-06-22 06:46:49'),
(80, 80, 'LOTE-00080', '2026-03-18', 0.70, 234, 'Disponible', '2026-06-22 06:46:49'),
(81, 81, 'LOTE-00081', '2026-01-12', 1.20, 180, 'Disponible', '2026-06-22 06:46:49'),
(82, 82, 'LOTE-00082', '2026-12-14', 7.50, 220, 'Disponible', '2026-06-22 06:46:49'),
(83, 83, 'LOTE-00083', '2028-10-04', 1.10, 158, 'Disponible', '2026-06-22 06:46:49'),
(84, 84, 'LOTE-00084', '2028-09-10', 3.80, 194, 'Disponible', '2026-06-22 06:46:49'),
(85, 85, 'LOTE-00085', '2027-07-22', 1.20, 155, 'Disponible', '2026-06-22 06:46:49'),
(86, 86, 'LOTE-00086', '2026-06-20', 0.45, 46, 'Disponible', '2026-06-22 06:46:49'),
(87, 87, 'LOTE-00087', '2028-12-11', 0.50, 182, 'Disponible', '2026-06-22 06:46:49'),
(88, 88, 'LOTE-00088', '2027-02-26', 6.50, 248, 'Disponible', '2026-06-22 06:46:49'),
(89, 89, 'LOTE-00089', '2028-04-14', 5.80, 88, 'Disponible', '2026-06-22 06:46:49'),
(90, 90, 'LOTE-00090', '2027-12-04', 0.45, 139, 'Disponible', '2026-06-22 06:46:49'),
(91, 91, 'LOTE-00091', '2026-11-16', 0.80, 53, 'Disponible', '2026-06-22 06:46:49'),
(92, 92, 'LOTE-00092', '2028-12-12', 1.20, 172, 'Disponible', '2026-06-22 06:46:49'),
(93, 93, 'LOTE-00093', '2027-11-04', 5.50, 120, 'Disponible', '2026-06-22 06:46:49'),
(94, 94, 'LOTE-00094', '2028-01-10', 0.70, 120, 'Disponible', '2026-06-22 06:46:49'),
(95, 95, 'LOTE-00095', '2028-08-08', 5.80, 119, 'Disponible', '2026-06-22 06:46:49'),
(96, 96, 'LOTE-00096', '2027-10-08', 8.50, 246, 'Disponible', '2026-06-22 06:46:49'),
(97, 97, 'LOTE-00097', '2028-11-21', 28.00, 185, 'Disponible', '2026-06-22 06:46:49'),
(98, 98, 'LOTE-00098', '2026-05-23', 7.00, 116, 'Disponible', '2026-06-22 06:46:49'),
(99, 99, 'LOTE-00099', '2028-11-13', 8.00, 66, 'Disponible', '2026-06-22 06:46:49'),
(100, 100, 'LOTE-00100', '2028-09-07', 26.00, 137, 'Disponible', '2026-06-22 06:46:49'),
(101, 101, 'LOTE-00101', '2028-06-25', 3.50, 43, 'Disponible', '2026-06-22 06:46:49'),
(102, 102, 'LOTE-00102', '2028-02-09', 4.50, 199, 'Disponible', '2026-06-22 06:46:49'),
(103, 103, 'LOTE-00103', '2027-04-25', 4.20, 118, 'Disponible', '2026-06-22 06:46:49'),
(104, 104, 'LOTE-00104', '2028-08-17', 10.00, 41, 'Disponible', '2026-06-22 06:46:49'),
(105, 105, 'LOTE-00105', '2026-04-10', 8.50, 226, 'Disponible', '2026-06-22 06:46:49'),
(106, 106, 'LOTE-00106', '2026-01-16', 6.50, 74, 'Disponible', '2026-06-22 06:46:49'),
(107, 107, 'LOTE-00107', '2028-09-27', 18.00, 48, 'Disponible', '2026-06-22 06:46:49'),
(108, 108, 'LOTE-00108', '2026-08-03', 7.50, 177, 'Disponible', '2026-06-22 06:46:49'),
(109, 109, 'LOTE-00109', '2027-05-04', 4.50, 35, 'Disponible', '2026-06-22 06:46:49'),
(110, 110, 'LOTE-00110', '2027-12-12', 0.35, 141, 'Disponible', '2026-06-22 06:46:49'),
(111, 111, 'LOTE-00111', '2027-09-03', 14.00, 109, 'Disponible', '2026-06-22 06:46:49'),
(112, 112, 'LOTE-00112', '2026-02-17', 0.25, 165, 'Disponible', '2026-06-22 06:46:49'),
(113, 113, 'LOTE-00113', '2027-12-27', 3.00, 90, 'Disponible', '2026-06-22 06:46:49'),
(114, 114, 'LOTE-00114', '2028-03-25', 10.00, 75, 'Disponible', '2026-06-22 06:46:49'),
(115, 115, 'LOTE-00115', '2028-10-15', 65.00, 190, 'Disponible', '2026-06-22 06:46:49'),
(116, 116, 'LOTE-00116', '2027-11-10', 45.00, 181, 'Disponible', '2026-06-22 06:46:49'),
(117, 117, 'LOTE-00117', '2027-08-02', 35.00, 124, 'Disponible', '2026-06-22 06:46:49'),
(118, 118, 'LOTE-00118', '2026-10-20', 0.35, 148, 'Disponible', '2026-06-22 06:46:49'),
(119, 119, 'LOTE-00119', '2026-08-26', 0.70, 112, 'Disponible', '2026-06-22 06:46:49'),
(120, 120, 'LOTE-00120', '2026-08-04', 1.20, 212, 'Disponible', '2026-06-22 06:46:49');

INSERT INTO `movimientos_almacen` (`id_movimiento`, `id_producto`, `id_lote`, `id_trabajador`, `tipo_movimiento`, `motivo`, `cantidad`, `referencia_tipo`, `referencia_id`, `fecha_movimiento`, `observacion`) VALUES
(1, 68, NULL, 2, 'Salida', 'Venta', 2, NULL, NULL, '2026-01-10 11:45:00', 'Salida por venta registrada'),
(2, 67, NULL, 2, 'Salida', 'Venta', 2, NULL, NULL, '2026-01-10 11:45:00', 'Salida por venta registrada'),
(3, 79, NULL, 2, 'Salida', 'Venta', 2, NULL, NULL, '2026-01-10 11:45:00', 'Salida por venta registrada'),
(4, 21, NULL, 2, 'Salida', 'Venta', 2, NULL, NULL, '2026-01-10 11:45:00', 'Salida por venta registrada'),
(5, 43, NULL, 3, 'Salida', 'Venta', 3, NULL, NULL, '2026-02-10 12:46:00', 'Salida por venta registrada'),
(6, 11, NULL, 3, 'Salida', 'Venta', 3, NULL, NULL, '2026-02-10 12:46:00', 'Salida por venta registrada'),
(7, 83, NULL, 3, 'Salida', 'Venta', 3, NULL, NULL, '2026-03-28 13:52:00', 'Salida por venta registrada'),
(8, 38, NULL, 3, 'Salida', 'Venta', 1, NULL, NULL, '2026-01-29 11:08:00', 'Salida por venta registrada'),
(9, 87, NULL, 2, 'Salida', 'Venta', 2, NULL, NULL, '2026-04-07 15:02:00', 'Salida por venta registrada'),
(10, 93, NULL, 2, 'Salida', 'Venta', 3, NULL, NULL, '2026-04-07 15:02:00', 'Salida por venta registrada'),
(11, 31, NULL, 2, 'Salida', 'Venta', 2, NULL, NULL, '2026-04-07 15:02:00', 'Salida por venta registrada'),
(12, 21, NULL, 3, 'Salida', 'Venta', 3, NULL, NULL, '2026-04-14 14:32:00', 'Salida por venta registrada'),
(13, 105, NULL, 3, 'Salida', 'Venta', 1, NULL, NULL, '2026-04-14 14:32:00', 'Salida por venta registrada'),
(14, 26, NULL, 3, 'Salida', 'Venta', 2, NULL, NULL, '2026-04-14 14:32:00', 'Salida por venta registrada'),
(15, 103, NULL, 3, 'Salida', 'Venta', 1, NULL, NULL, '2026-04-14 14:32:00', 'Salida por venta registrada'),
(16, 117, NULL, 3, 'Salida', 'Venta', 1, NULL, NULL, '2026-04-30 16:09:00', 'Salida por venta registrada'),
(17, 102, NULL, 2, 'Salida', 'Venta', 1, NULL, NULL, '2026-01-08 13:59:00', 'Salida por venta registrada'),
(18, 19, NULL, 2, 'Salida', 'Venta', 2, NULL, NULL, '2026-01-08 13:59:00', 'Salida por venta registrada'),
(19, 18, NULL, 2, 'Salida', 'Venta', 2, NULL, NULL, '2026-01-08 13:59:00', 'Salida por venta registrada'),
(20, 100, NULL, 2, 'Salida', 'Venta', 2, NULL, NULL, '2026-03-16 17:33:00', 'Salida por venta registrada'),
(21, 38, NULL, 2, 'Salida', 'Venta', 1, NULL, NULL, '2026-03-26 16:36:00', 'Salida por venta registrada'),
(22, 55, NULL, 2, 'Salida', 'Venta', 3, NULL, NULL, '2026-03-26 16:36:00', 'Salida por venta registrada'),
(23, 48, NULL, 2, 'Salida', 'Venta', 2, NULL, NULL, '2026-02-23 15:02:00', 'Salida por venta registrada'),
(24, 33, NULL, 2, 'Salida', 'Venta', 1, NULL, NULL, '2026-02-23 15:02:00', 'Salida por venta registrada'),
(25, 96, NULL, 2, 'Salida', 'Venta', 2, NULL, NULL, '2026-02-23 15:02:00', 'Salida por venta registrada'),
(26, 3, NULL, 2, 'Salida', 'Venta', 1, NULL, NULL, '2026-02-23 15:02:00', 'Salida por venta registrada'),
(27, 92, NULL, 3, 'Salida', 'Venta', 2, NULL, NULL, '2026-03-26 10:51:00', 'Salida por venta registrada'),
(28, 97, NULL, 3, 'Salida', 'Venta', 3, NULL, NULL, '2026-04-19 16:30:00', 'Salida por venta registrada'),
(29, 24, NULL, 3, 'Salida', 'Venta', 2, NULL, NULL, '2026-04-10 15:57:00', 'Salida por venta registrada'),
(30, 64, NULL, 3, 'Salida', 'Venta', 2, NULL, NULL, '2026-04-10 15:57:00', 'Salida por venta registrada'),
(31, 89, NULL, 3, 'Salida', 'Venta', 3, NULL, NULL, '2026-04-10 15:57:00', 'Salida por venta registrada'),
(32, 78, NULL, 2, 'Salida', 'Venta', 3, NULL, NULL, '2026-02-15 18:18:00', 'Salida por venta registrada'),
(33, 92, NULL, 2, 'Salida', 'Venta', 2, NULL, NULL, '2026-02-15 18:18:00', 'Salida por venta registrada'),
(34, 55, NULL, 2, 'Salida', 'Venta', 2, NULL, NULL, '2026-02-15 18:18:00', 'Salida por venta registrada'),
(35, 22, NULL, 2, 'Salida', 'Venta', 2, NULL, NULL, '2026-02-15 18:18:00', 'Salida por venta registrada'),
(36, 5, NULL, 2, 'Salida', 'Venta', 3, NULL, NULL, '2026-05-06 08:09:00', 'Salida por venta registrada'),
(37, 17, NULL, 2, 'Salida', 'Venta', 2, NULL, NULL, '2026-05-06 08:09:00', 'Salida por venta registrada'),
(38, 9, NULL, 2, 'Salida', 'Venta', 2, NULL, NULL, '2026-05-06 08:09:00', 'Salida por venta registrada'),
(39, 31, NULL, 2, 'Salida', 'Venta', 2, NULL, NULL, '2026-05-06 08:09:00', 'Salida por venta registrada'),
(40, 15, NULL, 3, 'Salida', 'Venta', 3, NULL, NULL, '2026-02-24 13:41:00', 'Salida por venta registrada'),
(41, 4, NULL, 3, 'Salida', 'Venta', 1, NULL, NULL, '2026-02-24 13:41:00', 'Salida por venta registrada'),
(42, 110, NULL, 3, 'Salida', 'Venta', 2, NULL, NULL, '2026-04-03 15:12:00', 'Salida por venta registrada'),
(43, 10, NULL, 3, 'Salida', 'Venta', 1, NULL, NULL, '2026-04-03 15:12:00', 'Salida por venta registrada'),
(44, 26, NULL, 2, 'Salida', 'Venta', 1, NULL, NULL, '2026-04-16 13:32:00', 'Salida por venta registrada'),
(45, 92, NULL, 2, 'Salida', 'Venta', 2, NULL, NULL, '2026-03-24 09:04:00', 'Salida por venta registrada'),
(46, 93, NULL, 2, 'Salida', 'Venta', 2, NULL, NULL, '2026-03-24 09:04:00', 'Salida por venta registrada'),
(47, 62, NULL, 2, 'Salida', 'Venta', 3, NULL, NULL, '2026-03-24 09:04:00', 'Salida por venta registrada'),
(48, 68, NULL, 2, 'Salida', 'Venta', 1, NULL, NULL, '2026-03-24 09:04:00', 'Salida por venta registrada'),
(49, 39, NULL, 3, 'Salida', 'Venta', 1, NULL, NULL, '2026-03-10 08:53:00', 'Salida por venta registrada'),
(50, 22, NULL, 3, 'Salida', 'Venta', 2, NULL, NULL, '2026-03-10 08:53:00', 'Salida por venta registrada'),
(51, 65, NULL, 3, 'Salida', 'Venta', 3, NULL, NULL, '2026-01-21 18:19:00', 'Salida por venta registrada'),
(52, 84, NULL, 2, 'Salida', 'Venta', 3, NULL, NULL, '2026-01-10 18:49:00', 'Salida por venta registrada'),
(53, 27, NULL, 2, 'Salida', 'Venta', 2, NULL, NULL, '2026-01-10 18:49:00', 'Salida por venta registrada'),
(54, 99, NULL, 2, 'Salida', 'Venta', 3, NULL, NULL, '2026-01-10 18:49:00', 'Salida por venta registrada'),
(55, 62, NULL, 3, 'Salida', 'Venta', 3, NULL, NULL, '2026-01-14 08:10:00', 'Salida por venta registrada'),
(56, 60, NULL, 3, 'Salida', 'Venta', 1, NULL, NULL, '2026-01-14 08:10:00', 'Salida por venta registrada'),
(57, 27, NULL, 3, 'Salida', 'Venta', 2, NULL, NULL, '2026-01-14 08:10:00', 'Salida por venta registrada'),
(58, 44, NULL, 3, 'Salida', 'Venta', 3, NULL, NULL, '2026-01-14 08:10:00', 'Salida por venta registrada'),
(59, 38, NULL, 3, 'Salida', 'Venta', 2, NULL, NULL, '2026-03-03 11:09:00', 'Salida por venta registrada'),
(60, 3, NULL, 3, 'Salida', 'Venta', 2, NULL, NULL, '2026-03-11 15:31:00', 'Salida por venta registrada'),
(61, 12, NULL, 3, 'Salida', 'Venta', 1, NULL, NULL, '2026-03-11 15:31:00', 'Salida por venta registrada'),
(62, 51, NULL, 3, 'Salida', 'Venta', 1, NULL, NULL, '2026-03-11 15:31:00', 'Salida por venta registrada'),
(63, 65, NULL, 3, 'Salida', 'Venta', 3, NULL, NULL, '2026-03-11 15:31:00', 'Salida por venta registrada'),
(64, 47, NULL, 3, 'Salida', 'Venta', 3, NULL, NULL, '2026-01-22 12:46:00', 'Salida por venta registrada'),
(65, 6, NULL, 3, 'Salida', 'Venta', 3, NULL, NULL, '2026-01-22 12:46:00', 'Salida por venta registrada'),
(66, 52, NULL, 3, 'Salida', 'Venta', 1, NULL, NULL, '2026-01-22 12:46:00', 'Salida por venta registrada'),
(67, 7, NULL, 3, 'Salida', 'Venta', 2, NULL, NULL, '2026-01-22 12:46:00', 'Salida por venta registrada'),
(68, 97, NULL, 2, 'Salida', 'Venta', 3, NULL, NULL, '2026-02-24 13:50:00', 'Salida por venta registrada'),
(69, 19, NULL, 2, 'Salida', 'Venta', 3, NULL, NULL, '2026-02-24 13:50:00', 'Salida por venta registrada'),
(70, 26, NULL, 2, 'Salida', 'Venta', 2, NULL, NULL, '2026-02-24 13:50:00', 'Salida por venta registrada'),
(71, 79, NULL, 2, 'Salida', 'Venta', 3, NULL, NULL, '2026-02-15 17:20:00', 'Salida por venta registrada'),
(72, 95, NULL, 2, 'Salida', 'Venta', 2, NULL, NULL, '2026-02-15 17:20:00', 'Salida por venta registrada'),
(73, 108, NULL, 2, 'Salida', 'Venta', 3, NULL, NULL, '2026-02-15 17:20:00', 'Salida por venta registrada'),
(74, 39, NULL, 2, 'Salida', 'Venta', 3, NULL, NULL, '2026-02-15 17:20:00', 'Salida por venta registrada'),
(75, 34, NULL, 3, 'Salida', 'Venta', 3, NULL, NULL, '2026-04-16 18:01:00', 'Salida por venta registrada'),
(76, 84, NULL, 3, 'Salida', 'Venta', 3, NULL, NULL, '2026-04-16 18:01:00', 'Salida por venta registrada'),
(77, 101, NULL, 3, 'Salida', 'Venta', 1, NULL, NULL, '2026-04-16 18:01:00', 'Salida por venta registrada'),
(78, 100, NULL, 3, 'Salida', 'Venta', 3, NULL, NULL, '2026-04-16 18:01:00', 'Salida por venta registrada'),
(79, 20, NULL, 2, 'Salida', 'Venta', 2, NULL, NULL, '2026-01-29 08:28:00', 'Salida por venta registrada'),
(80, 53, NULL, 2, 'Salida', 'Venta', 3, NULL, NULL, '2026-01-29 08:28:00', 'Salida por venta registrada'),
(81, 89, NULL, 2, 'Salida', 'Venta', 3, NULL, NULL, '2026-01-29 08:28:00', 'Salida por venta registrada'),
(82, 27, NULL, 2, 'Salida', 'Venta', 2, NULL, NULL, '2026-01-29 08:28:00', 'Salida por venta registrada'),
(83, 87, NULL, 3, 'Salida', 'Venta', 3, NULL, NULL, '2026-05-01 16:21:00', 'Salida por venta registrada'),
(84, 99, NULL, 3, 'Salida', 'Venta', 3, NULL, NULL, '2026-05-01 16:21:00', 'Salida por venta registrada'),
(85, 112, NULL, 3, 'Salida', 'Venta', 3, NULL, NULL, '2026-05-01 16:21:00', 'Salida por venta registrada'),
(86, 72, NULL, 2, 'Salida', 'Venta', 3, NULL, NULL, '2026-04-03 15:20:00', 'Salida por venta registrada'),
(87, 120, NULL, 2, 'Salida', 'Venta', 2, NULL, NULL, '2026-04-03 15:20:00', 'Salida por venta registrada'),
(88, 102, NULL, 2, 'Salida', 'Venta', 2, NULL, NULL, '2026-04-03 15:20:00', 'Salida por venta registrada'),
(89, 96, NULL, 2, 'Salida', 'Venta', 1, NULL, NULL, '2026-02-10 09:22:00', 'Salida por venta registrada'),
(90, 62, NULL, 2, 'Salida', 'Venta', 3, NULL, NULL, '2026-02-10 09:22:00', 'Salida por venta registrada'),
(91, 28, NULL, 2, 'Salida', 'Venta', 2, NULL, NULL, '2026-02-10 09:22:00', 'Salida por venta registrada'),
(92, 13, NULL, 2, 'Salida', 'Venta', 1, NULL, NULL, '2026-01-17 14:21:00', 'Salida por venta registrada'),
(93, 88, NULL, 2, 'Salida', 'Venta', 3, NULL, NULL, '2026-01-17 14:21:00', 'Salida por venta registrada'),
(94, 99, NULL, 2, 'Salida', 'Venta', 1, NULL, NULL, '2026-01-17 14:21:00', 'Salida por venta registrada'),
(95, 18, NULL, 2, 'Salida', 'Venta', 2, NULL, NULL, '2026-01-17 14:21:00', 'Salida por venta registrada'),
(96, 113, NULL, 2, 'Salida', 'Venta', 1, NULL, NULL, '2026-03-14 08:58:00', 'Salida por venta registrada'),
(97, 108, NULL, 2, 'Salida', 'Venta', 2, NULL, NULL, '2026-03-14 08:58:00', 'Salida por venta registrada'),
(98, 23, NULL, 2, 'Salida', 'Venta', 2, NULL, NULL, '2026-03-14 08:58:00', 'Salida por venta registrada'),
(99, 120, NULL, 2, 'Salida', 'Venta', 1, NULL, NULL, '2026-03-14 08:58:00', 'Salida por venta registrada'),
(100, 109, NULL, 3, 'Salida', 'Venta', 2, NULL, NULL, '2026-03-28 16:33:00', 'Salida por venta registrada'),
(101, 65, NULL, 3, 'Salida', 'Venta', 2, NULL, NULL, '2026-03-28 16:33:00', 'Salida por venta registrada'),
(102, 79, NULL, 3, 'Salida', 'Venta', 3, NULL, NULL, '2026-03-18 18:48:00', 'Salida por venta registrada'),
(103, 110, NULL, 3, 'Salida', 'Venta', 2, NULL, NULL, '2026-03-18 18:48:00', 'Salida por venta registrada'),
(104, 31, NULL, 3, 'Salida', 'Venta', 2, NULL, NULL, '2026-05-04 11:00:00', 'Salida por venta registrada'),
(105, 58, NULL, 3, 'Salida', 'Venta', 2, NULL, NULL, '2026-05-04 11:00:00', 'Salida por venta registrada'),
(106, 97, NULL, 3, 'Salida', 'Venta', 3, NULL, NULL, '2026-05-04 11:00:00', 'Salida por venta registrada'),
(107, 35, NULL, 3, 'Salida', 'Venta', 3, NULL, NULL, '2026-05-04 11:00:00', 'Salida por venta registrada'),
(108, 79, NULL, 3, 'Salida', 'Venta', 2, NULL, NULL, '2026-04-03 09:40:00', 'Salida por venta registrada'),
(109, 29, NULL, 3, 'Salida', 'Venta', 1, NULL, NULL, '2026-04-03 09:40:00', 'Salida por venta registrada'),
(110, 18, NULL, 3, 'Salida', 'Venta', 2, NULL, NULL, '2026-04-03 09:40:00', 'Salida por venta registrada'),
(111, 8, NULL, 3, 'Salida', 'Venta', 3, NULL, NULL, '2026-03-13 13:04:00', 'Salida por venta registrada'),
(112, 17, NULL, 3, 'Salida', 'Venta', 3, NULL, NULL, '2026-01-16 16:28:00', 'Salida por venta registrada'),
(113, 66, NULL, 3, 'Salida', 'Venta', 1, NULL, NULL, '2026-01-16 16:28:00', 'Salida por venta registrada'),
(114, 54, NULL, 3, 'Salida', 'Venta', 3, NULL, NULL, '2026-01-16 16:28:00', 'Salida por venta registrada'),
(115, 59, NULL, 3, 'Salida', 'Venta', 2, NULL, NULL, '2026-01-16 16:28:00', 'Salida por venta registrada'),
(116, 120, NULL, 3, 'Salida', 'Venta', 2, NULL, NULL, '2026-02-18 09:34:00', 'Salida por venta registrada'),
(117, 84, NULL, 3, 'Salida', 'Venta', 2, NULL, NULL, '2026-04-26 14:24:00', 'Salida por venta registrada'),
(118, 111, NULL, 3, 'Salida', 'Venta', 1, NULL, NULL, '2026-04-26 14:24:00', 'Salida por venta registrada'),
(119, 106, NULL, 3, 'Salida', 'Venta', 2, NULL, NULL, '2026-04-01 16:27:00', 'Salida por venta registrada'),
(120, 30, NULL, 3, 'Salida', 'Venta', 1, NULL, NULL, '2026-04-01 16:27:00', 'Salida por venta registrada'),
(121, 32, NULL, 3, 'Salida', 'Venta', 2, NULL, NULL, '2026-04-01 16:27:00', 'Salida por venta registrada'),
(122, 59, NULL, 3, 'Salida', 'Venta', 1, NULL, NULL, '2026-04-01 16:27:00', 'Salida por venta registrada'),
(123, 95, NULL, 3, 'Salida', 'Venta', 2, NULL, NULL, '2026-03-22 18:45:00', 'Salida por venta registrada'),
(124, 6, NULL, 3, 'Salida', 'Venta', 2, NULL, NULL, '2026-03-22 18:45:00', 'Salida por venta registrada'),
(125, 31, NULL, 2, 'Salida', 'Venta', 1, NULL, NULL, '2026-04-19 17:20:00', 'Salida por venta registrada'),
(126, 39, NULL, 2, 'Salida', 'Venta', 3, NULL, NULL, '2026-04-19 17:20:00', 'Salida por venta registrada'),
(127, 113, NULL, 2, 'Salida', 'Venta', 3, NULL, NULL, '2026-04-19 17:20:00', 'Salida por venta registrada'),
(128, 101, NULL, 3, 'Salida', 'Venta', 2, NULL, NULL, '2026-01-11 13:41:00', 'Salida por venta registrada'),
(129, 68, NULL, 3, 'Salida', 'Venta', 2, NULL, NULL, '2026-01-11 13:41:00', 'Salida por venta registrada'),
(130, 41, NULL, 3, 'Salida', 'Venta', 1, NULL, NULL, '2026-01-11 13:41:00', 'Salida por venta registrada'),
(131, 90, NULL, 3, 'Salida', 'Venta', 2, NULL, NULL, '2026-01-11 13:41:00', 'Salida por venta registrada'),
(132, 50, NULL, 2, 'Salida', 'Venta', 2, NULL, NULL, '2026-03-17 14:26:00', 'Salida por venta registrada'),
(133, 32, NULL, 2, 'Salida', 'Venta', 1, NULL, NULL, '2026-03-17 14:26:00', 'Salida por venta registrada'),
(134, 62, NULL, 2, 'Salida', 'Venta', 2, NULL, NULL, '2026-01-29 17:46:00', 'Salida por venta registrada'),
(135, 27, NULL, 2, 'Salida', 'Venta', 2, NULL, NULL, '2026-01-29 17:46:00', 'Salida por venta registrada'),
(136, 60, NULL, 2, 'Salida', 'Venta', 2, NULL, NULL, '2026-03-16 13:49:00', 'Salida por venta registrada'),
(137, 69, NULL, 2, 'Salida', 'Venta', 2, NULL, NULL, '2026-03-16 13:49:00', 'Salida por venta registrada'),
(138, 84, NULL, 2, 'Salida', 'Venta', 2, NULL, NULL, '2026-03-16 13:49:00', 'Salida por venta registrada'),
(139, 46, NULL, 2, 'Salida', 'Venta', 3, NULL, NULL, '2026-03-16 13:49:00', 'Salida por venta registrada'),
(140, 3, NULL, 3, 'Salida', 'Venta', 3, NULL, NULL, '2026-01-10 17:55:00', 'Salida por venta registrada'),
(141, 34, NULL, 3, 'Salida', 'Venta', 3, NULL, NULL, '2026-01-10 17:55:00', 'Salida por venta registrada'),
(142, 59, NULL, 3, 'Salida', 'Venta', 2, NULL, NULL, '2026-02-06 15:46:00', 'Salida por venta registrada'),
(143, 22, NULL, 3, 'Salida', 'Venta', 1, NULL, NULL, '2026-02-06 15:46:00', 'Salida por venta registrada'),
(144, 94, NULL, 3, 'Salida', 'Venta', 1, NULL, NULL, '2026-02-06 15:46:00', 'Salida por venta registrada'),
(145, 102, NULL, 3, 'Salida', 'Venta', 3, NULL, NULL, '2026-02-06 15:46:00', 'Salida por venta registrada'),
(146, 9, NULL, 2, 'Salida', 'Venta', 1, NULL, NULL, '2026-02-26 10:53:00', 'Salida por venta registrada'),
(147, 91, NULL, 2, 'Salida', 'Venta', 1, NULL, NULL, '2026-02-26 10:53:00', 'Salida por venta registrada'),
(148, 69, NULL, 3, 'Salida', 'Venta', 3, NULL, NULL, '2026-01-06 08:33:00', 'Salida por venta registrada'),
(149, 37, NULL, 3, 'Salida', 'Venta', 3, NULL, NULL, '2026-01-06 08:33:00', 'Salida por venta registrada'),
(150, 3, NULL, 3, 'Salida', 'Venta', 3, NULL, NULL, '2026-01-06 08:33:00', 'Salida por venta registrada'),
(151, 59, NULL, 3, 'Salida', 'Venta', 1, NULL, NULL, '2026-04-16 14:05:00', 'Salida por venta registrada'),
(152, 73, NULL, 3, 'Salida', 'Venta', 2, NULL, NULL, '2026-04-16 14:05:00', 'Salida por venta registrada'),
(153, 32, NULL, 3, 'Salida', 'Venta', 3, NULL, NULL, '2026-04-16 14:05:00', 'Salida por venta registrada'),
(154, 90, NULL, 3, 'Salida', 'Venta', 1, NULL, NULL, '2026-04-16 14:05:00', 'Salida por venta registrada'),
(155, 115, NULL, 2, 'Salida', 'Venta', 3, NULL, NULL, '2026-03-09 14:41:00', 'Salida por venta registrada'),
(156, 97, NULL, 2, 'Salida', 'Venta', 3, NULL, NULL, '2026-01-27 13:01:00', 'Salida por venta registrada'),
(157, 106, NULL, 2, 'Salida', 'Venta', 2, NULL, NULL, '2026-01-27 13:01:00', 'Salida por venta registrada'),
(158, 7, NULL, 2, 'Salida', 'Venta', 1, NULL, NULL, '2026-04-16 09:32:00', 'Salida por venta registrada'),
(159, 13, NULL, 2, 'Salida', 'Venta', 1, NULL, NULL, '2026-04-16 09:32:00', 'Salida por venta registrada'),
(160, 56, NULL, 2, 'Salida', 'Venta', 2, NULL, NULL, '2026-04-16 09:32:00', 'Salida por venta registrada'),
(161, 99, NULL, 2, 'Salida', 'Venta', 3, NULL, NULL, '2026-04-02 17:42:00', 'Salida por venta registrada'),
(162, 57, NULL, 3, 'Salida', 'Venta', 2, NULL, NULL, '2026-02-20 09:05:00', 'Salida por venta registrada'),
(163, 47, NULL, 3, 'Salida', 'Venta', 1, NULL, NULL, '2026-02-20 09:05:00', 'Salida por venta registrada'),
(164, 98, NULL, 3, 'Salida', 'Venta', 1, NULL, NULL, '2026-02-20 09:05:00', 'Salida por venta registrada'),
(165, 111, NULL, 2, 'Salida', 'Venta', 2, NULL, NULL, '2026-02-19 16:05:00', 'Salida por venta registrada'),
(166, 50, NULL, 2, 'Salida', 'Venta', 2, NULL, NULL, '2026-02-19 16:05:00', 'Salida por venta registrada'),
(167, 2, NULL, 2, 'Salida', 'Venta', 2, NULL, NULL, '2026-02-19 16:05:00', 'Salida por venta registrada'),
(168, 36, NULL, 3, 'Salida', 'Venta', 1, NULL, NULL, '2026-03-09 10:04:00', 'Salida por venta registrada'),
(169, 54, NULL, 3, 'Salida', 'Venta', 2, NULL, NULL, '2026-03-09 10:04:00', 'Salida por venta registrada'),
(170, 39, NULL, 3, 'Salida', 'Venta', 2, NULL, NULL, '2026-03-09 10:04:00', 'Salida por venta registrada'),
(171, 62, NULL, 3, 'Salida', 'Venta', 1, NULL, NULL, '2026-03-09 10:04:00', 'Salida por venta registrada'),
(172, 105, NULL, 3, 'Salida', 'Venta', 3, NULL, NULL, '2026-04-17 13:28:00', 'Salida por venta registrada'),
(173, 106, NULL, 3, 'Salida', 'Venta', 1, NULL, NULL, '2026-04-17 13:28:00', 'Salida por venta registrada'),
(174, 111, NULL, 3, 'Salida', 'Venta', 2, NULL, NULL, '2026-04-17 13:28:00', 'Salida por venta registrada'),
(175, 84, NULL, 3, 'Salida', 'Venta', 2, NULL, NULL, '2026-04-17 13:28:00', 'Salida por venta registrada'),
(176, 15, NULL, 2, 'Salida', 'Venta', 1, NULL, NULL, '2026-02-15 14:17:00', 'Salida por venta registrada'),
(177, 120, NULL, 2, 'Salida', 'Venta', 3, NULL, NULL, '2026-02-15 14:17:00', 'Salida por venta registrada'),
(178, 73, NULL, 2, 'Salida', 'Venta', 3, NULL, NULL, '2026-02-15 14:17:00', 'Salida por venta registrada'),
(179, 31, NULL, 3, 'Salida', 'Venta', 1, NULL, NULL, '2026-04-01 15:08:00', 'Salida por venta registrada'),
(180, 33, NULL, 3, 'Salida', 'Venta', 3, NULL, NULL, '2026-04-01 15:08:00', 'Salida por venta registrada'),
(181, 85, NULL, 3, 'Salida', 'Venta', 2, NULL, NULL, '2026-04-01 15:08:00', 'Salida por venta registrada'),
(182, 14, NULL, 2, 'Salida', 'Venta', 1, NULL, NULL, '2026-04-16 13:44:00', 'Salida por venta registrada'),
(183, 58, NULL, 2, 'Salida', 'Venta', 2, NULL, NULL, '2026-01-06 09:16:00', 'Salida por venta registrada'),
(184, 48, NULL, 2, 'Salida', 'Venta', 2, NULL, NULL, '2026-01-06 09:16:00', 'Salida por venta registrada'),
(185, 67, NULL, 2, 'Salida', 'Venta', 2, NULL, NULL, '2026-02-18 12:21:00', 'Salida por venta registrada'),
(186, 62, NULL, 2, 'Salida', 'Venta', 2, NULL, NULL, '2026-02-18 12:21:00', 'Salida por venta registrada'),
(187, 67, NULL, 3, 'Salida', 'Venta', 3, NULL, NULL, '2026-03-28 09:43:00', 'Salida por venta registrada'),
(188, 23, NULL, 3, 'Salida', 'Venta', 1, NULL, NULL, '2026-03-28 09:43:00', 'Salida por venta registrada'),
(189, 58, NULL, 3, 'Salida', 'Venta', 2, NULL, NULL, '2026-02-24 08:47:00', 'Salida por venta registrada'),
(190, 76, NULL, 3, 'Salida', 'Venta', 2, NULL, NULL, '2026-02-24 08:47:00', 'Salida por venta registrada'),
(191, 68, NULL, 3, 'Salida', 'Venta', 2, NULL, NULL, '2026-01-30 15:07:00', 'Salida por venta registrada'),
(192, 82, NULL, 3, 'Salida', 'Venta', 3, NULL, NULL, '2026-01-30 15:07:00', 'Salida por venta registrada'),
(193, 41, NULL, 3, 'Salida', 'Venta', 2, NULL, NULL, '2026-01-30 15:07:00', 'Salida por venta registrada'),
(194, 77, NULL, 3, 'Salida', 'Venta', 3, NULL, NULL, '2026-01-30 15:07:00', 'Salida por venta registrada'),
(195, 24, NULL, 2, 'Salida', 'Venta', 2, NULL, NULL, '2026-02-14 09:15:00', 'Salida por venta registrada'),
(196, 24, NULL, 2, 'Salida', 'Venta', 2, NULL, NULL, '2026-03-17 10:31:00', 'Salida por venta registrada'),
(197, 41, NULL, 2, 'Salida', 'Venta', 3, NULL, NULL, '2026-03-17 10:31:00', 'Salida por venta registrada'),
(198, 63, NULL, 3, 'Salida', 'Venta', 1, NULL, NULL, '2026-04-02 15:26:00', 'Salida por venta registrada'),
(199, 22, NULL, 3, 'Salida', 'Venta', 1, NULL, NULL, '2026-04-02 15:26:00', 'Salida por venta registrada'),
(200, 11, NULL, 3, 'Salida', 'Venta', 2, NULL, NULL, '2026-04-02 15:26:00', 'Salida por venta registrada'),
(201, 73, NULL, 3, 'Salida', 'Venta', 1, NULL, NULL, '2026-04-02 15:26:00', 'Salida por venta registrada'),
(202, 98, NULL, 2, 'Salida', 'Venta', 3, NULL, NULL, '2026-02-08 16:52:00', 'Salida por venta registrada'),
(203, 27, NULL, 3, 'Salida', 'Venta', 3, NULL, NULL, '2026-02-18 09:28:00', 'Salida por venta registrada'),
(204, 104, NULL, 3, 'Salida', 'Venta', 3, NULL, NULL, '2026-02-18 09:28:00', 'Salida por venta registrada'),
(205, 42, NULL, 3, 'Salida', 'Venta', 2, NULL, NULL, '2026-03-14 12:38:00', 'Salida por venta registrada'),
(206, 91, NULL, 3, 'Salida', 'Venta', 2, NULL, NULL, '2026-03-14 12:38:00', 'Salida por venta registrada'),
(207, 63, NULL, 2, 'Salida', 'Venta', 2, NULL, NULL, '2026-01-23 13:53:00', 'Salida por venta registrada'),
(208, 19, NULL, 2, 'Salida', 'Venta', 3, NULL, NULL, '2026-01-23 13:53:00', 'Salida por venta registrada'),
(209, 74, NULL, 2, 'Salida', 'Venta', 2, NULL, NULL, '2026-01-23 13:53:00', 'Salida por venta registrada'),
(210, 81, NULL, 2, 'Salida', 'Venta', 2, NULL, NULL, '2026-01-23 13:53:00', 'Salida por venta registrada'),
(211, 94, NULL, 3, 'Salida', 'Venta', 2, NULL, NULL, '2026-03-20 08:55:00', 'Salida por venta registrada'),
(212, 101, NULL, 3, 'Salida', 'Venta', 1, NULL, NULL, '2026-03-16 17:08:00', 'Salida por venta registrada'),
(213, 44, NULL, 3, 'Salida', 'Venta', 1, NULL, NULL, '2026-03-16 17:08:00', 'Salida por venta registrada'),
(214, 115, NULL, 3, 'Salida', 'Venta', 1, NULL, NULL, '2026-03-16 17:08:00', 'Salida por venta registrada'),
(215, 88, NULL, 3, 'Salida', 'Venta', 3, NULL, NULL, '2026-03-16 17:08:00', 'Salida por venta registrada'),
(216, 12, NULL, 2, 'Salida', 'Venta', 2, NULL, NULL, '2026-04-27 18:19:00', 'Salida por venta registrada'),
(217, 84, NULL, 2, 'Salida', 'Venta', 1, NULL, NULL, '2026-04-27 18:19:00', 'Salida por venta registrada'),
(218, 47, NULL, 2, 'Salida', 'Venta', 2, NULL, NULL, '2026-04-27 18:19:00', 'Salida por venta registrada'),
(219, 67, NULL, 2, 'Salida', 'Venta', 2, NULL, NULL, '2026-02-01 15:04:00', 'Salida por venta registrada'),
(220, 88, NULL, 2, 'Salida', 'Venta', 1, NULL, NULL, '2026-02-01 15:04:00', 'Salida por venta registrada'),
(221, 41, NULL, 2, 'Salida', 'Venta', 2, NULL, NULL, '2026-02-23 09:46:00', 'Salida por venta registrada'),
(222, 93, NULL, 2, 'Salida', 'Venta', 3, NULL, NULL, '2026-03-24 18:10:00', 'Salida por venta registrada'),
(223, 28, NULL, 2, 'Salida', 'Venta', 1, NULL, NULL, '2026-03-24 18:10:00', 'Salida por venta registrada'),
(224, 81, NULL, 2, 'Salida', 'Venta', 2, NULL, NULL, '2026-03-24 18:10:00', 'Salida por venta registrada'),
(225, 32, NULL, 3, 'Salida', 'Venta', 3, NULL, NULL, '2026-02-14 10:15:00', 'Salida por venta registrada'),
(226, 82, NULL, 2, 'Salida', 'Venta', 1, NULL, NULL, '2026-03-09 14:07:00', 'Salida por venta registrada'),
(227, 77, NULL, 2, 'Salida', 'Venta', 2, NULL, NULL, '2026-03-09 14:07:00', 'Salida por venta registrada'),
(228, 10, NULL, 2, 'Salida', 'Venta', 2, NULL, NULL, '2026-03-09 14:07:00', 'Salida por venta registrada'),
(229, 68, NULL, 2, 'Salida', 'Venta', 1, NULL, NULL, '2026-03-09 14:07:00', 'Salida por venta registrada'),
(230, 102, NULL, 2, 'Salida', 'Venta', 2, NULL, NULL, '2026-01-06 12:13:00', 'Salida por venta registrada'),
(231, 69, NULL, 2, 'Salida', 'Venta', 2, NULL, NULL, '2026-02-13 09:32:00', 'Salida por venta registrada'),
(232, 42, NULL, 2, 'Salida', 'Venta', 3, NULL, NULL, '2026-02-13 09:32:00', 'Salida por venta registrada'),
(233, 40, NULL, 3, 'Salida', 'Venta', 3, NULL, NULL, '2026-01-19 15:39:00', 'Salida por venta registrada'),
(234, 94, NULL, 3, 'Salida', 'Venta', 1, NULL, NULL, '2026-01-26 13:08:00', 'Salida por venta registrada'),
(235, 114, NULL, 3, 'Salida', 'Venta', 2, NULL, NULL, '2026-01-26 13:08:00', 'Salida por venta registrada'),
(236, 16, NULL, 3, 'Salida', 'Venta', 2, NULL, NULL, '2026-01-26 13:08:00', 'Salida por venta registrada'),
(237, 33, NULL, 2, 'Salida', 'Venta', 1, NULL, NULL, '2026-03-09 17:10:00', 'Salida por venta registrada'),
(238, 99, NULL, 2, 'Salida', 'Venta', 3, NULL, NULL, '2026-03-09 17:10:00', 'Salida por venta registrada'),
(239, 29, NULL, 2, 'Salida', 'Venta', 3, NULL, NULL, '2026-01-27 08:35:00', 'Salida por venta registrada'),
(240, 42, NULL, 2, 'Salida', 'Venta', 2, NULL, NULL, '2026-01-27 08:35:00', 'Salida por venta registrada'),
(241, 32, NULL, 2, 'Salida', 'Venta', 2, NULL, NULL, '2026-01-27 08:35:00', 'Salida por venta registrada'),
(242, 54, NULL, 2, 'Salida', 'Venta', 1, NULL, NULL, '2026-01-27 08:35:00', 'Salida por venta registrada'),
(243, 42, NULL, 2, 'Salida', 'Venta', 2, NULL, NULL, '2026-04-27 15:55:00', 'Salida por venta registrada'),
(244, 12, NULL, 2, 'Salida', 'Venta', 1, NULL, NULL, '2026-04-27 15:55:00', 'Salida por venta registrada'),
(245, 71, NULL, 2, 'Salida', 'Venta', 2, NULL, NULL, '2026-04-27 15:55:00', 'Salida por venta registrada'),
(246, 30, NULL, 2, 'Salida', 'Venta', 3, NULL, NULL, '2026-01-24 08:59:00', 'Salida por venta registrada'),
(247, 12, NULL, 3, 'Salida', 'Venta', 1, NULL, NULL, '2026-05-08 08:09:00', 'Salida por venta registrada'),
(248, 6, NULL, 3, 'Salida', 'Venta', 3, NULL, NULL, '2026-05-08 08:09:00', 'Salida por venta registrada'),
(249, 118, NULL, 3, 'Salida', 'Venta', 2, NULL, NULL, '2026-05-08 08:09:00', 'Salida por venta registrada'),
(250, 34, NULL, 2, 'Salida', 'Venta', 2, NULL, NULL, '2026-03-01 18:08:00', 'Salida por venta registrada'),
(251, 109, NULL, 2, 'Salida', 'Venta', 3, NULL, NULL, '2026-03-01 18:08:00', 'Salida por venta registrada'),
(252, 41, NULL, 2, 'Salida', 'Venta', 3, NULL, NULL, '2026-03-01 18:08:00', 'Salida por venta registrada'),
(253, 41, NULL, 2, 'Salida', 'Venta', 2, NULL, NULL, '2026-01-24 09:10:00', 'Salida por venta registrada'),
(254, 53, NULL, 2, 'Salida', 'Venta', 1, NULL, NULL, '2026-01-24 09:10:00', 'Salida por venta registrada'),
(255, 16, NULL, 2, 'Salida', 'Venta', 2, NULL, NULL, '2026-01-24 09:10:00', 'Salida por venta registrada'),
(256, 69, NULL, 2, 'Salida', 'Venta', 2, NULL, NULL, '2026-01-24 09:10:00', 'Salida por venta registrada'),
(257, 87, NULL, 2, 'Salida', 'Venta', 2, NULL, NULL, '2026-04-06 11:22:00', 'Salida por venta registrada'),
(258, 26, NULL, 2, 'Salida', 'Venta', 2, NULL, NULL, '2026-01-06 08:53:00', 'Salida por venta registrada'),
(259, 106, NULL, 2, 'Salida', 'Venta', 2, NULL, NULL, '2026-01-06 08:53:00', 'Salida por venta registrada'),
(260, 7, NULL, 2, 'Salida', 'Venta', 2, NULL, NULL, '2026-04-30 13:07:00', 'Salida por venta registrada'),
(261, 22, NULL, 2, 'Salida', 'Venta', 3, NULL, NULL, '2026-04-30 13:07:00', 'Salida por venta registrada'),
(262, 119, NULL, 2, 'Salida', 'Venta', 2, NULL, NULL, '2026-04-30 13:07:00', 'Salida por venta registrada'),
(263, 74, NULL, 2, 'Salida', 'Venta', 2, NULL, NULL, '2026-04-30 13:07:00', 'Salida por venta registrada'),
(264, 83, NULL, 3, 'Salida', 'Venta', 2, NULL, NULL, '2026-04-28 10:02:00', 'Salida por venta registrada'),
(265, 38, NULL, 3, 'Salida', 'Venta', 2, NULL, NULL, '2026-04-28 10:02:00', 'Salida por venta registrada'),
(266, 45, NULL, 2, 'Salida', 'Venta', 2, NULL, NULL, '2026-02-22 13:30:00', 'Salida por venta registrada'),
(267, 117, NULL, 2, 'Salida', 'Venta', 2, NULL, NULL, '2026-02-22 13:30:00', 'Salida por venta registrada'),
(268, 73, NULL, 2, 'Salida', 'Venta', 2, NULL, NULL, '2026-02-22 13:30:00', 'Salida por venta registrada'),
(269, 65, NULL, 2, 'Salida', 'Venta', 1, NULL, NULL, '2026-02-22 13:30:00', 'Salida por venta registrada'),
(270, 32, NULL, 3, 'Salida', 'Venta', 3, NULL, NULL, '2026-04-13 17:14:00', 'Salida por venta registrada'),
(271, 117, NULL, 2, 'Salida', 'Venta', 3, NULL, NULL, '2026-01-27 11:37:00', 'Salida por venta registrada'),
(272, 76, NULL, 2, 'Salida', 'Venta', 3, NULL, NULL, '2026-01-27 11:37:00', 'Salida por venta registrada'),
(273, 4, NULL, 2, 'Salida', 'Venta', 2, NULL, NULL, '2026-01-27 11:37:00', 'Salida por venta registrada'),
(274, 118, NULL, 2, 'Salida', 'Venta', 1, NULL, NULL, '2026-01-07 16:30:00', 'Salida por venta registrada'),
(275, 79, NULL, 2, 'Salida', 'Venta', 2, NULL, NULL, '2026-01-07 16:30:00', 'Salida por venta registrada'),
(276, 26, NULL, 2, 'Salida', 'Venta', 3, NULL, NULL, '2026-01-07 16:30:00', 'Salida por venta registrada'),
(277, 76, NULL, 3, 'Salida', 'Venta', 2, NULL, NULL, '2026-05-07 09:23:00', 'Salida por venta registrada'),
(278, 13, NULL, 3, 'Salida', 'Venta', 1, NULL, NULL, '2026-05-07 09:23:00', 'Salida por venta registrada'),
(279, 44, NULL, 3, 'Salida', 'Venta', 1, NULL, NULL, '2026-05-07 09:23:00', 'Salida por venta registrada'),
(280, 39, NULL, 3, 'Salida', 'Venta', 3, NULL, NULL, '2026-05-07 09:23:00', 'Salida por venta registrada'),
(281, 90, NULL, 3, 'Salida', 'Venta', 3, NULL, NULL, '2026-04-08 12:08:00', 'Salida por venta registrada'),
(282, 22, NULL, 2, 'Salida', 'Venta', 1, NULL, NULL, '2026-02-16 09:15:00', 'Salida por venta registrada'),
(283, 82, NULL, 2, 'Salida', 'Venta', 3, NULL, NULL, '2026-02-16 09:15:00', 'Salida por venta registrada'),
(284, 114, NULL, 2, 'Salida', 'Venta', 3, NULL, NULL, '2026-02-16 09:15:00', 'Salida por venta registrada'),
(285, 114, NULL, 2, 'Salida', 'Venta', 2, NULL, NULL, '2026-02-23 15:46:00', 'Salida por venta registrada'),
(286, 53, NULL, 2, 'Salida', 'Venta', 2, NULL, NULL, '2026-02-23 15:46:00', 'Salida por venta registrada'),
(287, 44, NULL, 3, 'Salida', 'Venta', 1, NULL, NULL, '2026-01-07 13:16:00', 'Salida por venta registrada'),
(288, 21, NULL, 3, 'Salida', 'Venta', 1, NULL, NULL, '2026-05-05 18:10:00', 'Salida por venta registrada'),
(289, 7, NULL, 3, 'Salida', 'Venta', 1, NULL, NULL, '2026-05-05 18:10:00', 'Salida por venta registrada'),
(290, 13, NULL, 3, 'Salida', 'Venta', 2, NULL, NULL, '2026-05-05 18:10:00', 'Salida por venta registrada'),
(291, 43, NULL, 3, 'Salida', 'Venta', 3, NULL, NULL, '2026-05-05 18:10:00', 'Salida por venta registrada'),
(292, 106, NULL, 2, 'Salida', 'Venta', 3, NULL, NULL, '2026-02-20 08:27:00', 'Salida por venta registrada'),
(293, 85, NULL, 2, 'Salida', 'Venta', 2, NULL, NULL, '2026-02-20 08:27:00', 'Salida por venta registrada'),
(294, 81, NULL, 2, 'Salida', 'Venta', 1, NULL, NULL, '2026-02-20 08:27:00', 'Salida por venta registrada'),
(295, 12, NULL, 3, 'Salida', 'Venta', 2, NULL, NULL, '2026-04-15 14:30:00', 'Salida por venta registrada'),
(296, 83, NULL, 3, 'Salida', 'Venta', 1, NULL, NULL, '2026-04-15 14:30:00', 'Salida por venta registrada'),
(297, 70, NULL, 3, 'Salida', 'Venta', 2, NULL, NULL, '2026-04-15 14:30:00', 'Salida por venta registrada'),
(298, 104, NULL, 2, 'Salida', 'Venta', 3, NULL, NULL, '2026-01-24 18:06:00', 'Salida por venta registrada'),
(299, 70, NULL, 2, 'Salida', 'Venta', 1, NULL, NULL, '2026-01-24 18:06:00', 'Salida por venta registrada'),
(300, 53, NULL, 2, 'Salida', 'Venta', 3, NULL, NULL, '2026-01-24 18:06:00', 'Salida por venta registrada'),
(301, 65, NULL, 3, 'Salida', 'Venta', 3, NULL, NULL, '2026-01-15 14:57:00', 'Salida por venta registrada'),
(302, 107, NULL, 3, 'Salida', 'Venta', 2, NULL, NULL, '2026-01-15 18:27:00', 'Salida por venta registrada'),
(303, 77, NULL, 3, 'Salida', 'Venta', 2, NULL, NULL, '2026-01-15 18:27:00', 'Salida por venta registrada'),
(304, 15, NULL, 3, 'Salida', 'Venta', 3, NULL, NULL, '2026-05-02 08:50:00', 'Salida por venta registrada'),
(305, 54, NULL, 3, 'Salida', 'Venta', 3, NULL, NULL, '2026-05-02 08:50:00', 'Salida por venta registrada'),
(306, 20, NULL, 3, 'Salida', 'Venta', 3, NULL, NULL, '2026-05-02 08:50:00', 'Salida por venta registrada'),
(307, 19, NULL, 3, 'Salida', 'Venta', 1, NULL, NULL, '2026-05-02 08:50:00', 'Salida por venta registrada'),
(308, 80, NULL, 3, 'Salida', 'Venta', 3, NULL, NULL, '2026-01-09 10:17:00', 'Salida por venta registrada'),
(309, 78, NULL, 3, 'Salida', 'Venta', 3, NULL, NULL, '2026-01-09 10:17:00', 'Salida por venta registrada'),
(310, 36, NULL, 3, 'Salida', 'Venta', 3, NULL, NULL, '2026-01-07 13:52:00', 'Salida por venta registrada'),
(311, 108, NULL, 3, 'Salida', 'Venta', 3, NULL, NULL, '2026-01-07 13:52:00', 'Salida por venta registrada'),
(312, 63, NULL, 3, 'Salida', 'Venta', 1, NULL, NULL, '2026-01-07 13:52:00', 'Salida por venta registrada'),
(313, 83, NULL, 8, 'Entrada', 'Compra', 46, NULL, NULL, '2026-01-06 00:00:00', 'Entrada por recepcion de compra'),
(314, 12, NULL, 8, 'Entrada', 'Compra', 48, NULL, NULL, '2026-01-06 00:00:00', 'Entrada por recepcion de compra'),
(315, 25, NULL, 8, 'Entrada', 'Compra', 38, NULL, NULL, '2026-01-06 00:00:00', 'Entrada por recepcion de compra'),
(316, 57, NULL, 8, 'Entrada', 'Compra', 18, NULL, NULL, '2026-01-06 00:00:00', 'Entrada por recepcion de compra'),
(317, 28, NULL, 8, 'Entrada', 'Compra', 47, NULL, NULL, '2026-01-06 00:00:00', 'Entrada por recepcion de compra'),
(318, 117, NULL, 8, 'Entrada', 'Compra', 25, NULL, NULL, '2026-01-06 00:00:00', 'Entrada por recepcion de compra'),
(319, 106, NULL, 8, 'Entrada', 'Compra', 19, NULL, NULL, '2026-01-06 00:00:00', 'Entrada por recepcion de compra'),
(320, 53, NULL, 8, 'Entrada', 'Compra', 34, NULL, NULL, '2026-01-06 00:00:00', 'Entrada por recepcion de compra'),
(321, 5, NULL, 8, 'Entrada', 'Compra', 60, NULL, NULL, '2026-01-10 00:00:00', 'Entrada por recepcion de compra'),
(322, 59, NULL, 8, 'Entrada', 'Compra', 27, NULL, NULL, '2026-01-10 00:00:00', 'Entrada por recepcion de compra'),
(323, 7, NULL, 8, 'Entrada', 'Compra', 32, NULL, NULL, '2026-01-10 00:00:00', 'Entrada por recepcion de compra'),
(324, 118, NULL, 8, 'Entrada', 'Compra', 38, NULL, NULL, '2026-01-10 00:00:00', 'Entrada por recepcion de compra'),
(325, 47, NULL, 8, 'Entrada', 'Compra', 44, NULL, NULL, '2026-01-10 00:00:00', 'Entrada por recepcion de compra'),
(326, 63, NULL, 8, 'Entrada', 'Compra', 52, NULL, NULL, '2026-01-14 00:00:00', 'Entrada por recepcion de compra'),
(327, 77, NULL, 8, 'Entrada', 'Compra', 50, NULL, NULL, '2026-01-14 00:00:00', 'Entrada por recepcion de compra'),
(328, 58, NULL, 8, 'Entrada', 'Compra', 37, NULL, NULL, '2026-01-14 00:00:00', 'Entrada por recepcion de compra'),
(329, 23, NULL, 8, 'Entrada', 'Compra', 37, NULL, NULL, '2026-01-14 00:00:00', 'Entrada por recepcion de compra'),
(330, 112, NULL, 8, 'Entrada', 'Compra', 25, NULL, NULL, '2026-01-14 00:00:00', 'Entrada por recepcion de compra'),
(331, 61, NULL, 8, 'Entrada', 'Compra', 31, NULL, NULL, '2026-01-14 00:00:00', 'Entrada por recepcion de compra'),
(332, 87, NULL, 9, 'Entrada', 'Compra', 47, NULL, NULL, '2026-01-20 00:00:00', 'Entrada por recepcion de compra'),
(333, 27, NULL, 9, 'Entrada', 'Compra', 16, NULL, NULL, '2026-01-20 00:00:00', 'Entrada por recepcion de compra'),
(334, 35, NULL, 9, 'Entrada', 'Compra', 58, NULL, NULL, '2026-01-20 00:00:00', 'Entrada por recepcion de compra'),
(335, 84, NULL, 9, 'Entrada', 'Compra', 15, NULL, NULL, '2026-01-20 00:00:00', 'Entrada por recepcion de compra'),
(336, 53, NULL, 9, 'Entrada', 'Compra', 45, NULL, NULL, '2026-01-20 00:00:00', 'Entrada por recepcion de compra'),
(337, 55, NULL, 9, 'Entrada', 'Compra', 31, NULL, NULL, '2026-01-24 00:00:00', 'Entrada por recepcion de compra'),
(338, 115, NULL, 9, 'Entrada', 'Compra', 28, NULL, NULL, '2026-01-24 00:00:00', 'Entrada por recepcion de compra'),
(339, 49, NULL, 9, 'Entrada', 'Compra', 44, NULL, NULL, '2026-01-24 00:00:00', 'Entrada por recepcion de compra'),
(340, 110, NULL, 9, 'Entrada', 'Compra', 34, NULL, NULL, '2026-01-24 00:00:00', 'Entrada por recepcion de compra'),
(341, 45, NULL, 9, 'Entrada', 'Compra', 58, NULL, NULL, '2026-01-24 00:00:00', 'Entrada por recepcion de compra'),
(342, 59, NULL, 9, 'Entrada', 'Compra', 48, NULL, NULL, '2026-01-24 00:00:00', 'Entrada por recepcion de compra'),
(343, 78, NULL, 9, 'Entrada', 'Compra', 32, NULL, NULL, '2026-01-28 00:00:00', 'Entrada por recepcion de compra'),
(344, 37, NULL, 9, 'Entrada', 'Compra', 55, NULL, NULL, '2026-01-28 00:00:00', 'Entrada por recepcion de compra'),
(345, 39, NULL, 9, 'Entrada', 'Compra', 35, NULL, NULL, '2026-01-28 00:00:00', 'Entrada por recepcion de compra'),
(346, 88, NULL, 9, 'Entrada', 'Compra', 32, NULL, NULL, '2026-01-28 00:00:00', 'Entrada por recepcion de compra'),
(347, 14, NULL, 9, 'Entrada', 'Compra', 31, NULL, NULL, '2026-01-28 00:00:00', 'Entrada por recepcion de compra'),
(348, 62, NULL, 9, 'Entrada', 'Compra', 56, NULL, NULL, '2026-01-28 00:00:00', 'Entrada por recepcion de compra'),
(349, 9, NULL, 9, 'Entrada', 'Compra', 60, NULL, NULL, '2026-01-28 00:00:00', 'Entrada por recepcion de compra'),
(350, 44, NULL, 9, 'Entrada', 'Compra', 56, NULL, NULL, '2026-01-28 00:00:00', 'Entrada por recepcion de compra'),
(351, 88, NULL, 9, 'Entrada', 'Compra', 33, NULL, NULL, '2026-02-01 00:00:00', 'Entrada por recepcion de compra'),
(352, 18, NULL, 9, 'Entrada', 'Compra', 31, NULL, NULL, '2026-02-01 00:00:00', 'Entrada por recepcion de compra'),
(353, 93, NULL, 9, 'Entrada', 'Compra', 41, NULL, NULL, '2026-02-01 00:00:00', 'Entrada por recepcion de compra'),
(354, 4, NULL, 9, 'Entrada', 'Compra', 40, NULL, NULL, '2026-02-01 00:00:00', 'Entrada por recepcion de compra'),
(355, 84, NULL, 9, 'Entrada', 'Compra', 39, NULL, NULL, '2026-02-01 00:00:00', 'Entrada por recepcion de compra'),
(356, 64, NULL, 9, 'Entrada', 'Compra', 17, NULL, NULL, '2026-02-01 00:00:00', 'Entrada por recepcion de compra'),
(357, 88, NULL, 9, 'Entrada', 'Compra', 57, NULL, NULL, '2026-02-05 00:00:00', 'Entrada por recepcion de compra'),
(358, 69, NULL, 9, 'Entrada', 'Compra', 37, NULL, NULL, '2026-02-05 00:00:00', 'Entrada por recepcion de compra'),
(359, 82, NULL, 9, 'Entrada', 'Compra', 47, NULL, NULL, '2026-02-05 00:00:00', 'Entrada por recepcion de compra'),
(360, 101, NULL, 9, 'Entrada', 'Compra', 34, NULL, NULL, '2026-02-05 00:00:00', 'Entrada por recepcion de compra'),
(361, 61, NULL, 9, 'Entrada', 'Compra', 25, NULL, NULL, '2026-02-05 00:00:00', 'Entrada por recepcion de compra'),
(362, 98, NULL, 8, 'Entrada', 'Compra', 29, NULL, NULL, '2026-02-08 00:00:00', 'Entrada por recepcion de compra'),
(363, 117, NULL, 8, 'Entrada', 'Compra', 37, NULL, NULL, '2026-02-08 00:00:00', 'Entrada por recepcion de compra'),
(364, 24, NULL, 8, 'Entrada', 'Compra', 29, NULL, NULL, '2026-02-08 00:00:00', 'Entrada por recepcion de compra'),
(365, 88, NULL, 8, 'Entrada', 'Compra', 34, NULL, NULL, '2026-02-08 00:00:00', 'Entrada por recepcion de compra'),
(366, 116, NULL, 8, 'Entrada', 'Compra', 41, NULL, NULL, '2026-02-08 00:00:00', 'Entrada por recepcion de compra'),
(367, 43, NULL, 8, 'Entrada', 'Compra', 36, NULL, NULL, '2026-02-08 00:00:00', 'Entrada por recepcion de compra'),
(368, 84, NULL, 8, 'Entrada', 'Compra', 38, NULL, NULL, '2026-02-08 00:00:00', 'Entrada por recepcion de compra'),
(369, 12, NULL, 8, 'Entrada', 'Compra', 31, NULL, NULL, '2026-02-08 00:00:00', 'Entrada por recepcion de compra'),
(370, 65, NULL, 9, 'Entrada', 'Compra', 45, NULL, NULL, '2026-02-13 00:00:00', 'Entrada por recepcion de compra'),
(371, 16, NULL, 9, 'Entrada', 'Compra', 40, NULL, NULL, '2026-02-13 00:00:00', 'Entrada por recepcion de compra'),
(372, 112, NULL, 9, 'Entrada', 'Compra', 22, NULL, NULL, '2026-02-13 00:00:00', 'Entrada por recepcion de compra'),
(373, 88, NULL, 9, 'Entrada', 'Compra', 24, NULL, NULL, '2026-02-13 00:00:00', 'Entrada por recepcion de compra'),
(374, 49, NULL, 9, 'Entrada', 'Compra', 36, NULL, NULL, '2026-02-13 00:00:00', 'Entrada por recepcion de compra'),
(375, 41, NULL, 9, 'Entrada', 'Compra', 32, NULL, NULL, '2026-02-16 00:00:00', 'Entrada por recepcion de compra'),
(376, 82, NULL, 9, 'Entrada', 'Compra', 28, NULL, NULL, '2026-02-16 00:00:00', 'Entrada por recepcion de compra'),
(377, 8, NULL, 9, 'Entrada', 'Compra', 25, NULL, NULL, '2026-02-16 00:00:00', 'Entrada por recepcion de compra'),
(378, 1, NULL, 9, 'Entrada', 'Compra', 51, NULL, NULL, '2026-02-16 00:00:00', 'Entrada por recepcion de compra'),
(379, 58, NULL, 9, 'Entrada', 'Compra', 25, NULL, NULL, '2026-02-16 00:00:00', 'Entrada por recepcion de compra'),
(380, 1, NULL, 9, 'Entrada', 'Compra', 35, NULL, NULL, '2026-02-19 00:00:00', 'Entrada por recepcion de compra'),
(381, 5, NULL, 9, 'Entrada', 'Compra', 48, NULL, NULL, '2026-02-19 00:00:00', 'Entrada por recepcion de compra'),
(382, 69, NULL, 9, 'Entrada', 'Compra', 27, NULL, NULL, '2026-02-19 00:00:00', 'Entrada por recepcion de compra'),
(383, 26, NULL, 9, 'Entrada', 'Compra', 16, NULL, NULL, '2026-02-19 00:00:00', 'Entrada por recepcion de compra'),
(384, 94, NULL, 9, 'Entrada', 'Compra', 58, NULL, NULL, '2026-02-19 00:00:00', 'Entrada por recepcion de compra'),
(385, 48, NULL, 9, 'Entrada', 'Compra', 15, NULL, NULL, '2026-02-19 00:00:00', 'Entrada por recepcion de compra'),
(386, 2, NULL, 9, 'Entrada', 'Compra', 55, NULL, NULL, '2026-02-19 00:00:00', 'Entrada por recepcion de compra'),
(387, 50, NULL, 9, 'Entrada', 'Compra', 25, NULL, NULL, '2026-02-24 00:00:00', 'Entrada por recepcion de compra'),
(388, 65, NULL, 9, 'Entrada', 'Compra', 19, NULL, NULL, '2026-02-24 00:00:00', 'Entrada por recepcion de compra'),
(389, 76, NULL, 9, 'Entrada', 'Compra', 17, NULL, NULL, '2026-02-24 00:00:00', 'Entrada por recepcion de compra'),
(390, 40, NULL, 9, 'Entrada', 'Compra', 34, NULL, NULL, '2026-02-24 00:00:00', 'Entrada por recepcion de compra'),
(391, 44, NULL, 8, 'Entrada', 'Compra', 27, NULL, NULL, '2026-03-01 00:00:00', 'Entrada por recepcion de compra'),
(392, 116, NULL, 8, 'Entrada', 'Compra', 25, NULL, NULL, '2026-03-01 00:00:00', 'Entrada por recepcion de compra'),
(393, 63, NULL, 8, 'Entrada', 'Compra', 40, NULL, NULL, '2026-03-01 00:00:00', 'Entrada por recepcion de compra'),
(394, 46, NULL, 8, 'Entrada', 'Compra', 16, NULL, NULL, '2026-03-01 00:00:00', 'Entrada por recepcion de compra'),
(395, 97, NULL, 8, 'Entrada', 'Compra', 29, NULL, NULL, '2026-03-01 00:00:00', 'Entrada por recepcion de compra'),
(396, 22, NULL, 8, 'Entrada', 'Compra', 55, NULL, NULL, '2026-03-04 00:00:00', 'Entrada por recepcion de compra'),
(397, 16, NULL, 8, 'Entrada', 'Compra', 31, NULL, NULL, '2026-03-04 00:00:00', 'Entrada por recepcion de compra'),
(398, 47, NULL, 8, 'Entrada', 'Compra', 49, NULL, NULL, '2026-03-04 00:00:00', 'Entrada por recepcion de compra'),
(399, 92, NULL, 8, 'Entrada', 'Compra', 54, NULL, NULL, '2026-03-04 00:00:00', 'Entrada por recepcion de compra'),
(400, 84, NULL, 8, 'Entrada', 'Compra', 18, NULL, NULL, '2026-03-04 00:00:00', 'Entrada por recepcion de compra'),
(401, 102, NULL, 8, 'Entrada', 'Compra', 53, NULL, NULL, '2026-03-04 00:00:00', 'Entrada por recepcion de compra'),
(402, 5, NULL, 8, 'Entrada', 'Compra', 18, NULL, NULL, '2026-03-04 00:00:00', 'Entrada por recepcion de compra'),
(403, 49, NULL, 8, 'Entrada', 'Compra', 57, NULL, NULL, '2026-03-04 00:00:00', 'Entrada por recepcion de compra'),
(404, 49, NULL, 8, 'Entrada', 'Compra', 28, NULL, NULL, '2026-03-08 00:00:00', 'Entrada por recepcion de compra'),
(405, 16, NULL, 8, 'Entrada', 'Compra', 59, NULL, NULL, '2026-03-08 00:00:00', 'Entrada por recepcion de compra'),
(406, 71, NULL, 8, 'Entrada', 'Compra', 58, NULL, NULL, '2026-03-08 00:00:00', 'Entrada por recepcion de compra'),
(407, 33, NULL, 8, 'Entrada', 'Compra', 55, NULL, NULL, '2026-03-08 00:00:00', 'Entrada por recepcion de compra'),
(408, 61, NULL, 8, 'Entrada', 'Compra', 15, NULL, NULL, '2026-03-08 00:00:00', 'Entrada por recepcion de compra'),
(409, 90, NULL, 8, 'Entrada', 'Compra', 34, NULL, NULL, '2026-03-08 00:00:00', 'Entrada por recepcion de compra'),
(410, 20, NULL, 8, 'Entrada', 'Compra', 41, NULL, NULL, '2026-03-08 00:00:00', 'Entrada por recepcion de compra'),
(411, 101, NULL, 8, 'Entrada', 'Compra', 53, NULL, NULL, '2026-03-11 00:00:00', 'Entrada por recepcion de compra'),
(412, 14, NULL, 8, 'Entrada', 'Compra', 27, NULL, NULL, '2026-03-11 00:00:00', 'Entrada por recepcion de compra'),
(413, 64, NULL, 8, 'Entrada', 'Compra', 31, NULL, NULL, '2026-03-11 00:00:00', 'Entrada por recepcion de compra'),
(414, 26, NULL, 8, 'Entrada', 'Compra', 48, NULL, NULL, '2026-03-11 00:00:00', 'Entrada por recepcion de compra'),
(415, 64, NULL, 8, 'Entrada', 'Compra', 15, NULL, NULL, '2026-03-16 00:00:00', 'Entrada por recepcion de compra'),
(416, 117, NULL, 8, 'Entrada', 'Compra', 15, NULL, NULL, '2026-03-16 00:00:00', 'Entrada por recepcion de compra'),
(417, 27, NULL, 8, 'Entrada', 'Compra', 57, NULL, NULL, '2026-03-16 00:00:00', 'Entrada por recepcion de compra'),
(418, 89, NULL, 8, 'Entrada', 'Compra', 20, NULL, NULL, '2026-03-16 00:00:00', 'Entrada por recepcion de compra'),
(419, 120, NULL, 8, 'Entrada', 'Compra', 22, NULL, NULL, '2026-03-16 00:00:00', 'Entrada por recepcion de compra'),
(420, 62, NULL, 8, 'Entrada', 'Compra', 51, NULL, NULL, '2026-03-16 00:00:00', 'Entrada por recepcion de compra'),
(421, 43, NULL, 8, 'Entrada', 'Compra', 57, NULL, NULL, '2026-03-16 00:00:00', 'Entrada por recepcion de compra'),
(422, 31, NULL, 8, 'Entrada', 'Compra', 46, NULL, NULL, '2026-03-16 00:00:00', 'Entrada por recepcion de compra'),
(423, 59, NULL, 8, 'Entrada', 'Compra', 21, NULL, NULL, '2026-03-19 00:00:00', 'Entrada por recepcion de compra'),
(424, 38, NULL, 8, 'Entrada', 'Compra', 26, NULL, NULL, '2026-03-19 00:00:00', 'Entrada por recepcion de compra'),
(425, 34, NULL, 8, 'Entrada', 'Compra', 17, NULL, NULL, '2026-03-19 00:00:00', 'Entrada por recepcion de compra'),
(426, 60, NULL, 8, 'Entrada', 'Compra', 33, NULL, NULL, '2026-03-19 00:00:00', 'Entrada por recepcion de compra'),
(427, 7, NULL, 8, 'Entrada', 'Compra', 38, NULL, NULL, '2026-03-19 00:00:00', 'Entrada por recepcion de compra'),
(428, 85, NULL, 9, 'Entrada', 'Compra', 38, NULL, NULL, '2026-03-24 00:00:00', 'Entrada por recepcion de compra'),
(429, 83, NULL, 9, 'Entrada', 'Compra', 31, NULL, NULL, '2026-03-24 00:00:00', 'Entrada por recepcion de compra'),
(430, 22, NULL, 9, 'Entrada', 'Compra', 35, NULL, NULL, '2026-03-24 00:00:00', 'Entrada por recepcion de compra'),
(431, 43, NULL, 9, 'Entrada', 'Compra', 25, NULL, NULL, '2026-03-24 00:00:00', 'Entrada por recepcion de compra'),
(432, 46, NULL, 9, 'Entrada', 'Compra', 36, NULL, NULL, '2026-03-24 00:00:00', 'Entrada por recepcion de compra'),
(433, 15, NULL, 8, 'Entrada', 'Compra', 25, NULL, NULL, '2026-03-29 00:00:00', 'Entrada por recepcion de compra'),
(434, 17, NULL, 8, 'Entrada', 'Compra', 21, NULL, NULL, '2026-03-29 00:00:00', 'Entrada por recepcion de compra'),
(435, 90, NULL, 8, 'Entrada', 'Compra', 41, NULL, NULL, '2026-03-29 00:00:00', 'Entrada por recepcion de compra'),
(436, 93, NULL, 8, 'Entrada', 'Compra', 52, NULL, NULL, '2026-03-29 00:00:00', 'Entrada por recepcion de compra'),
(437, 8, NULL, 8, 'Entrada', 'Compra', 45, NULL, NULL, '2026-03-29 00:00:00', 'Entrada por recepcion de compra'),
(438, 62, NULL, 8, 'Entrada', 'Compra', 41, NULL, NULL, '2026-04-02 00:00:00', 'Entrada por recepcion de compra'),
(439, 118, NULL, 8, 'Entrada', 'Compra', 43, NULL, NULL, '2026-04-02 00:00:00', 'Entrada por recepcion de compra'),
(440, 63, NULL, 8, 'Entrada', 'Compra', 17, NULL, NULL, '2026-04-02 00:00:00', 'Entrada por recepcion de compra'),
(441, 15, NULL, 8, 'Entrada', 'Compra', 19, NULL, NULL, '2026-04-02 00:00:00', 'Entrada por recepcion de compra'),
(442, 114, NULL, 8, 'Entrada', 'Compra', 31, NULL, NULL, '2026-04-02 00:00:00', 'Entrada por recepcion de compra'),
(443, 67, NULL, 8, 'Entrada', 'Compra', 57, NULL, NULL, '2026-04-04 00:00:00', 'Entrada por recepcion de compra'),
(444, 89, NULL, 8, 'Entrada', 'Compra', 30, NULL, NULL, '2026-04-04 00:00:00', 'Entrada por recepcion de compra'),
(445, 90, NULL, 8, 'Entrada', 'Compra', 45, NULL, NULL, '2026-04-04 00:00:00', 'Entrada por recepcion de compra'),
(446, 80, NULL, 8, 'Entrada', 'Compra', 37, NULL, NULL, '2026-04-04 00:00:00', 'Entrada por recepcion de compra'),
(447, 13, NULL, 8, 'Entrada', 'Compra', 57, NULL, NULL, '2026-04-04 00:00:00', 'Entrada por recepcion de compra'),
(448, 56, NULL, 8, 'Entrada', 'Compra', 58, NULL, NULL, '2026-04-04 00:00:00', 'Entrada por recepcion de compra'),
(449, 65, NULL, 9, 'Entrada', 'Compra', 25, NULL, NULL, '2026-04-08 00:00:00', 'Entrada por recepcion de compra'),
(450, 109, NULL, 9, 'Entrada', 'Compra', 19, NULL, NULL, '2026-04-08 00:00:00', 'Entrada por recepcion de compra'),
(451, 61, NULL, 9, 'Entrada', 'Compra', 46, NULL, NULL, '2026-04-08 00:00:00', 'Entrada por recepcion de compra'),
(452, 110, NULL, 9, 'Entrada', 'Compra', 35, NULL, NULL, '2026-04-08 00:00:00', 'Entrada por recepcion de compra'),
(453, 64, NULL, 9, 'Entrada', 'Compra', 30, NULL, NULL, '2026-04-08 00:00:00', 'Entrada por recepcion de compra'),
(454, 59, NULL, 8, 'Entrada', 'Compra', 43, NULL, NULL, '2026-04-12 00:00:00', 'Entrada por recepcion de compra'),
(455, 57, NULL, 8, 'Entrada', 'Compra', 20, NULL, NULL, '2026-04-12 00:00:00', 'Entrada por recepcion de compra'),
(456, 103, NULL, 8, 'Entrada', 'Compra', 46, NULL, NULL, '2026-04-12 00:00:00', 'Entrada por recepcion de compra'),
(457, 74, NULL, 8, 'Entrada', 'Compra', 43, NULL, NULL, '2026-04-12 00:00:00', 'Entrada por recepcion de compra'),
(458, 53, NULL, 9, 'Entrada', 'Compra', 53, NULL, NULL, '2026-04-18 00:00:00', 'Entrada por recepcion de compra'),
(459, 5, NULL, 9, 'Entrada', 'Compra', 54, NULL, NULL, '2026-04-18 00:00:00', 'Entrada por recepcion de compra'),
(460, 72, NULL, 9, 'Entrada', 'Compra', 55, NULL, NULL, '2026-04-18 00:00:00', 'Entrada por recepcion de compra');

INSERT INTO `movimientos_almacen` (`id_movimiento`, `id_producto`, `id_lote`, `id_trabajador`, `tipo_movimiento`, `motivo`, `cantidad`, `referencia_tipo`, `referencia_id`, `fecha_movimiento`, `observacion`) VALUES
(461, 71, NULL, 9, 'Entrada', 'Compra', 34, NULL, NULL, '2026-04-18 00:00:00', 'Entrada por recepcion de compra'),
(462, 1, NULL, 9, 'Entrada', 'Compra', 47, NULL, NULL, '2026-04-18 00:00:00', 'Entrada por recepcion de compra'),
(463, 106, NULL, 9, 'Entrada', 'Compra', 50, NULL, NULL, '2026-04-18 00:00:00', 'Entrada por recepcion de compra'),
(464, 12, NULL, 9, 'Entrada', 'Compra', 28, NULL, NULL, '2026-04-18 00:00:00', 'Entrada por recepcion de compra'),
(465, 77, NULL, 8, 'Entrada', 'Compra', 57, NULL, NULL, '2026-04-21 00:00:00', 'Entrada por recepcion de compra'),
(466, 61, NULL, 8, 'Entrada', 'Compra', 29, NULL, NULL, '2026-04-21 00:00:00', 'Entrada por recepcion de compra'),
(467, 92, NULL, 8, 'Entrada', 'Compra', 15, NULL, NULL, '2026-04-21 00:00:00', 'Entrada por recepcion de compra'),
(468, 85, NULL, 8, 'Entrada', 'Compra', 36, NULL, NULL, '2026-04-21 00:00:00', 'Entrada por recepcion de compra'),
(469, 47, NULL, 8, 'Entrada', 'Compra', 37, NULL, NULL, '2026-04-21 00:00:00', 'Entrada por recepcion de compra'),
(470, 58, NULL, 8, 'Entrada', 'Compra', 55, NULL, NULL, '2026-04-21 00:00:00', 'Entrada por recepcion de compra'),
(471, 15, NULL, 8, 'Entrada', 'Compra', 33, NULL, NULL, '2026-04-21 00:00:00', 'Entrada por recepcion de compra'),
(472, 13, NULL, 8, 'Entrada', 'Compra', 50, NULL, NULL, '2026-04-21 00:00:00', 'Entrada por recepcion de compra'),
(473, 106, NULL, 9, 'Entrada', 'Compra', 21, NULL, NULL, '2026-04-24 00:00:00', 'Entrada por recepcion de compra'),
(474, 92, NULL, 9, 'Entrada', 'Compra', 31, NULL, NULL, '2026-04-24 00:00:00', 'Entrada por recepcion de compra'),
(475, 96, NULL, 9, 'Entrada', 'Compra', 54, NULL, NULL, '2026-04-24 00:00:00', 'Entrada por recepcion de compra'),
(476, 93, NULL, 9, 'Entrada', 'Compra', 27, NULL, NULL, '2026-04-24 00:00:00', 'Entrada por recepcion de compra'),
(477, 53, NULL, 9, 'Entrada', 'Compra', 27, NULL, NULL, '2026-04-24 00:00:00', 'Entrada por recepcion de compra'),
(478, 16, NULL, 8, 'Entrada', 'Compra', 23, NULL, NULL, '2026-04-30 00:00:00', 'Entrada por recepcion de compra'),
(479, 99, NULL, 8, 'Entrada', 'Compra', 46, NULL, NULL, '2026-04-30 00:00:00', 'Entrada por recepcion de compra'),
(480, 115, NULL, 8, 'Entrada', 'Compra', 15, NULL, NULL, '2026-04-30 00:00:00', 'Entrada por recepcion de compra'),
(481, 58, NULL, 8, 'Entrada', 'Compra', 48, NULL, NULL, '2026-04-30 00:00:00', 'Entrada por recepcion de compra'),
(482, 59, NULL, 8, 'Entrada', 'Compra', 18, NULL, NULL, '2026-04-30 00:00:00', 'Entrada por recepcion de compra'),
(483, 85, NULL, 8, 'Entrada', 'Compra', 50, NULL, NULL, '2026-04-30 00:00:00', 'Entrada por recepcion de compra'),
(484, 76, NULL, 8, 'Entrada', 'Compra', 42, NULL, NULL, '2026-04-30 00:00:00', 'Entrada por recepcion de compra'),
(485, 65, NULL, 8, 'Entrada', 'Compra', 52, NULL, NULL, '2026-04-30 00:00:00', 'Entrada por recepcion de compra'),
(486, 14, NULL, 9, 'Entrada', 'Compra', 30, NULL, NULL, '2026-05-04 00:00:00', 'Entrada por recepcion de compra'),
(487, 50, NULL, 9, 'Entrada', 'Compra', 35, NULL, NULL, '2026-05-04 00:00:00', 'Entrada por recepcion de compra'),
(488, 85, NULL, 9, 'Entrada', 'Compra', 51, NULL, NULL, '2026-05-04 00:00:00', 'Entrada por recepcion de compra'),
(489, 77, NULL, 9, 'Entrada', 'Compra', 28, NULL, NULL, '2026-05-04 00:00:00', 'Entrada por recepcion de compra'),
(490, 78, NULL, 9, 'Entrada', 'Compra', 33, NULL, NULL, '2026-05-04 00:00:00', 'Entrada por recepcion de compra');

